Fecha;Carguio;Cami√≥n;Flota;Material;Origen;Zona;Destino;Tonelaje;Ciclos;Rajo
13-06-2023;CF2;C07;CAT 797 B;Lastre Oxidado;ESP/F07/2104/711;FASE 7;BOT_2380_INT;692,8079834;2;ESPERANZA
13-06-2023;CF2;C07;CAT 797 B;Sulfuro de Media;STOCK_SME;ESPERANZA;CHANCADO-SULFURO;5196,059998;15;ESPERANZA
13-06-2023;CF2;C08;CAT 797 B;Sulfuro de Media;STOCK_SME;ESPERANZA;CHANCADO-SULFURO;1385,615967;4;ESPERANZA
13-06-2023;CF2;C09;CAT 797 B;Lastre Oxidado;ESP/F07/2104/711;FASE 7;BOT_2380_INT;346,4039917;1;ESPERANZA
13-06-2023;CF2;C10;CAT 797 B;Lastre Oxidado;ESP/F07/2104/711;FASE 7;BOT_2380_INT;346,4039917;1;ESPERANZA
13-06-2023;CF2;C10;CAT 797 B;Sulfuro de Media;STOCK_SME;ESPERANZA;CHANCADO-SULFURO;3810,439941;11;ESPERANZA
13-06-2023;CF2;C11;CAT 797 B;Lastre Sulfurado;ESP/F07/2120/731;FASE 7;BOT_2380_INT;346,4039917;1;ESPERANZA
13-06-2023;CF2;C11;CAT 797 B;Sulfuro Baja Ley;STOCK_SBL1;ESPERANZA;CHANCADO-SULFURO;346,4039917;1;ESPERANZA
13-06-2023;CF2;C12;CAT 797 B;Lastre Sulfurado;ESP/F07/2120/731;FASE 7;BOT_2380_INT;346,4039917;1;ESPERANZA
13-06-2023;CF2;C12;CAT 797 B;Sulfuro Baja Ley;STOCK_SBL1;ESPERANZA;CHANCADO-SULFURO;346,4039917;1;ESPERANZA
13-06-2023;CF2;C12;CAT 797 B;Sulfuro de Media;STOCK_SME;ESPERANZA;CHANCADO-SULFURO;7620,892029;22;ESPERANZA
13-06-2023;CF2;C125;CAT 793 C;Sulfuro de Media;STOCK_SME;ESPERANZA;CHANCADO-SULFURO;216,9600067;1;ESPERANZA
13-06-2023;CF2;C14;CAT 797 B;Lastre Oxidado;ESP/F07/2104/711;FASE 7;BOT_2380_INT;346,4039917;1;ESPERANZA
13-06-2023;CF2;C152;CAT 793 F;Sulfuro de Media;STOCK_SME;ESPERANZA;CHANCADO-SULFURO;216,9600067;1;ESPERANZA
13-06-2023;CF2;C16;CAT 797 B;Lastre Oxidado;ESP/F07/2104/711;FASE 7;BOT_2380_INT;692,8079834;2;ESPERANZA
13-06-2023;CF2;C16;CAT 797 B;Lastre Sulfurado;ESP/F07/2120/731;FASE 7;BOT_2380_INT;346,4039917;1;ESPERANZA
13-06-2023;CF2;C16;CAT 797 B;Sulfuro de Media;STOCK_SME;ESPERANZA;CHANCADO-SULFURO;346,4039917;1;ESPERANZA
13-06-2023;CF2;C18;CAT 797 F;Lastre Oxidado;ESP/F07/2104/711;FASE 7;BOT_2380_INT;692,8079834;2;ESPERANZA
13-06-2023;CF2;C18;CAT 797 F;Lastre Sulfurado;ESP/F07/2120/731;FASE 7;BOT_2380_INT;1039,209961;3;ESPERANZA
13-06-2023;CF2;C24;CAT 797 F;Sulfuro Baja Ley;STOCK_SBL1;ESPERANZA;CHANCADO-SULFURO;346,4039917;1;ESPERANZA
13-06-2023;CF2;C34;CAT 797 F;Lastre Sulfurado;ESP/F07/2120/731;FASE 7;BOT_2380_INT;346,4039917;1;ESPERANZA
13-06-2023;CF2;C34;CAT 797 F;Sulfuro Baja Ley;STOCK_SBL1;ESPERANZA;CHANCADO-SULFURO;346,4039917;1;ESPERANZA
13-06-2023;CF2;C37;CAT 797 F;Lastre Oxidado;ESP/F07/2104/711;FASE 7;BOT_2380_INT;692,8079834;2;ESPERANZA
13-06-2023;CF2;C39;CAT 797 F;Lastre Oxidado;ESP/F07/2104/711;FASE 7;BOT_2380_INT;692,8079834;2;ESPERANZA
13-06-2023;CF2;C40;CAT 797 F;Lastre Oxidado;ESP/F07/2104/711;FASE 7;BOT_2380_INT;346,4039917;1;ESPERANZA
13-06-2023;CF2;C41;CAT 797 F;Lastre Oxidado;ESP/F07/2104/711;FASE 7;BOT_2380_INT;692,8079834;2;ESPERANZA
13-06-2023;CF2;C42;CAT 797 F;Lastre Sulfurado;ESP/F07/2120/731;FASE 7;BOT_2380_INT;346,4039917;1;ESPERANZA
13-06-2023;CF2;C42;CAT 797 F;Sulfuro de Media;STOCK_SME;ESPERANZA;CHANCADO-SULFURO;692,8079834;2;ESPERANZA
13-06-2023;CF2;C45;CAT 797 F;Lastre Sulfurado;ESP/F07/2120/731;FASE 7;BOT_2380_INT;346,4039917;1;ESPERANZA
13-06-2023;CF2;C46;CAT 797 F;Lastre Oxidado;ESP/F07/2104/711;FASE 7;BOT_2380_INT;1039,209961;3;ESPERANZA
13-06-2023;CF2;C47;CAT 797 F;Lastre Sulfurado;ESP/F07/2120/731;FASE 7;BOT_2380_INT;346,4039917;1;ESPERANZA
13-06-2023;CF2;C51;KOM 930 E;Sulfuro de Media;STOCK_SME;ESPERANZA;CHANCADO-SULFURO;291;1;ESPERANZA
13-06-2023;CF2;C53;KOM 930 E;Sulfuro de Media;STOCK_SME;ESPERANZA;CHANCADO-SULFURO;582;2;ESPERANZA
13-06-2023;CF2;C56;KOM 930 E;Sulfuro de Media;STOCK_SME;ESPERANZA;CHANCADO-SULFURO;291;1;ESPERANZA
13-06-2023;CF2;C60;KOM 930 E;Sulfuro de Media;STOCK_SME;ESPERANZA;CHANCADO-SULFURO;291;1;ESPERANZA
13-06-2023;CF2;C61;KOM 930 E;Sulfuro de Media;STOCK_SME;ESPERANZA;CHANCADO-SULFURO;291;1;ESPERANZA
13-06-2023;CF203;C121;CAT 793 C;Baja Ley 1;ST-TS_18;OXIDO;CHANCADO-OXIDO;649,3080139;3;TESORO
13-06-2023;CF203;C122;CAT 793 C;Baja Ley 1;ST-TS_18;OXIDO;CHANCADO-OXIDO;2164,369049;10;TESORO
13-06-2023;CF203;C123;CAT 793 C;Baja Ley 1;ST-TS_18;OXIDO;CHANCADO-OXIDO;649,3089905;3;TESORO
13-06-2023;CF203;C134;CAT 793 C;Baja Ley 1;ST-TS_18;OXIDO;CHANCADO-OXIDO;2164,362;10;TESORO
13-06-2023;CF203;C135;CAT 793 C;Baja Ley 1;ST-TS_18;OXIDO;CHANCADO-OXIDO;2813,674011;13;TESORO
13-06-2023;CF203;C151;CAT 793 F;Baja Ley 1;ST-TS_18;OXIDO;CHANCADO-OXIDO;432,8720093;2;TESORO
13-06-2023;CF203;C155;CAT 793 F;Baja Ley 1;ST-TS_18;OXIDO;CHANCADO-OXIDO;1731,492004;8;TESORO
13-06-2023;CF231;C123;CAT 793 C;Lastre Oxidado;ESP/F10/2296/1051;FASE 10;BOT_CENTRAL_SUR_INF;432,8729858;2;ESPERANZA
13-06-2023;CF231;C125;CAT 793 C;Lastre Oxidado;ESP/F10/2296/1051;FASE 10;BOT_CENTRAL_SUR_INF;216,4360046;1;ESPERANZA
13-06-2023;CF231;C125;CAT 793 C;Lastre Oxidado;ESP/F10/2296/1051;FASE 10;BOT_CENTRAL_SUR_SUP;216,4360046;1;ESPERANZA
13-06-2023;CF231;C128;CAT 793 C;Lastre Oxidado;ESP/F10/2296/1051;FASE 10;BOT_CENTRAL_SUR_INF;1731,491943;8;ESPERANZA
13-06-2023;CF231;C128;CAT 793 C;Lastre Oxidado;ESP/F10/2296/1051;FASE 10;BOT_RAMPA_SUPERIOR;216,4360046;1;ESPERANZA
13-06-2023;CF231;C129;CAT 793 C;Lastre Oxidado;ESP/F10/2296/1051;FASE 10;BOT_CENTRAL_SUR_INF;1082,180054;5;ESPERANZA
13-06-2023;CF231;C130;CAT 793 C;Lastre Oxidado;ESP/F10/2296/1051;FASE 10;BOT_CENTRAL_SUR_INF;2164,365967;10;ESPERANZA
13-06-2023;CF231;C131;CAT 793 C;Lastre Oxidado;ESP/F10/2296/1051;FASE 10;BOT_CENTRAL_SUR_INF;2164,36908;10;ESPERANZA
13-06-2023;CF231;C134;CAT 793 C;Lastre Oxidado;ESP/F10/2296/1051;FASE 10;BOT_CENTRAL_SUR_INF;1298,618958;6;ESPERANZA
13-06-2023;CF231;C151;CAT 793 F;Lastre Oxidado;ESP/F10/2296/1051;FASE 10;BOT_CENTRAL_SUR_INF;649,309021;3;ESPERANZA
13-06-2023;CF231;C152;CAT 793 F;Lastre Oxidado;ESP/F10/2296/1051;FASE 10;BOT_CENTRAL_SUR_INF;649,309021;3;ESPERANZA
13-06-2023;CF231;C152;CAT 793 F;Lastre Oxidado;ESP/F10/2296/1051;FASE 10;BOT_RAMPA_SUPERIOR;216,4360046;1;ESPERANZA
13-06-2023;CF231;C153;CAT 793 F;Lastre Oxidado;ESP/F10/2296/1051;FASE 10;BOT_CENTRAL_SUR_INF;1515,060059;7;ESPERANZA
13-06-2023;CF231;C154;CAT 793 F;Lastre Oxidado;ESP/F10/2296/1051;FASE 10;BOT_CENTRAL_SUR_INF;1298,617981;6;ESPERANZA
13-06-2023;CF231;C156;CAT 793 F;Lastre Oxidado;ESP/F10/2296/1051;FASE 10;BOT_CENTRAL_SUR_INF;865,7459717;4;ESPERANZA
13-06-2023;CF231;C159;CAT 793 F;Lastre Oxidado;ESP/F10/2296/1051;FASE 10;BOT_CENTRAL_SUR_INF;1082,181976;5;ESPERANZA
13-06-2023;CF231;C160;CAT 793 F;Lastre Oxidado;ESP/F10/2296/1051;FASE 10;BOT_CENTRAL_SUR_INF;432,8720093;2;ESPERANZA
13-06-2023;CF231;C161;CAT 793 F;Lastre Oxidado;ESP/F10/2296/1051;FASE 10;BOT_CENTRAL_SUR_INF;865,7449951;4;ESPERANZA
13-06-2023;CF231;C162;CAT 793 F;Lastre Oxidado;ESP/F10/2296/1051;FASE 10;BOT_CENTRAL_SUR_INF;1947,926025;9;ESPERANZA
13-06-2023;CF231;C162;CAT 793 F;Lastre Oxidado;ESP/F10/2296/1051;FASE 10;BOT_MIJO;216,4360046;1;ESPERANZA
13-06-2023;CF231;C163;CAT 793 F;Lastre Oxidado;ESP/F10/2296/1051;FASE 10;BOT_CENTRAL_SUR_INF;1515,060059;7;ESPERANZA
13-06-2023;CF231;C164;CAT 793 F;Lastre Oxidado;ESP/F10/2296/1051;FASE 10;BOT_CENTRAL_SUR_INF;1515,054016;7;ESPERANZA
13-06-2023;CF232;C122;CAT 793 C;Lastre Oxidado;ESP/F10/2328/130;FASE 10;BOT_CENTRAL_SUR_INF;649,309021;3;ESPERANZA
13-06-2023;CF232;C122;CAT 793 C;Lastre Oxidado;ESP/F10/2328/130;FASE 10;BOT_RAMPA_SUPERIOR;216,4360046;1;ESPERANZA
13-06-2023;CF232;C123;CAT 793 C;Lastre Oxidado;ESP/F10/2328/130;FASE 10;BOT_CENTRAL_SUR_INF;216,4360046;1;ESPERANZA
13-06-2023;CF232;C128;CAT 793 C;Lastre Oxidado;ESP/F10/2328/130;FASE 10;BOT_CENTRAL_SUR_INF;649,3089905;3;ESPERANZA
13-06-2023;CF232;C129;CAT 793 C;Lastre Oxidado;ESP/F10/2328/130;FASE 10;BOT_CENTRAL_SUR_INF;1515,060059;7;ESPERANZA
13-06-2023;CF232;C130;CAT 793 C;Lastre Oxidado;ESP/F10/2328/130;FASE 10;BOT_CENTRAL_SUR_INF;432,8729858;2;ESPERANZA
13-06-2023;CF232;C134;CAT 793 C;Lastre Oxidado;ESP/F10/2328/130;FASE 10;BOT_CENTRAL_SUR_INF;216,4360046;1;ESPERANZA
13-06-2023;CF232;C152;CAT 793 F;Lastre Oxidado;ESP/F10/2328/130;FASE 10;BOT_CENTRAL_SUR_INF;216,4360046;1;ESPERANZA
13-06-2023;CF232;C153;CAT 793 F;Lastre Oxidado;ESP/F10/2328/130;FASE 10;BOT_CENTRAL_SUR_INF;216,4360046;1;ESPERANZA
13-06-2023;CF232;C156;CAT 793 F;Lastre Oxidado;ESP/F10/2328/130;FASE 10;BOT_CENTRAL_SUR_INF;216,4360046;1;ESPERANZA
13-06-2023;CF232;C159;CAT 793 F;Lastre Oxidado;ESP/F10/2328/130;FASE 10;BOT_CENTRAL_SUR_INF;432,8720093;2;ESPERANZA
13-06-2023;CF232;C159;CAT 793 F;Lastre Oxidado;ESP/F10/2328/130;FASE 10;BOT_RAMPA_SUPERIOR;216,4360046;1;ESPERANZA
13-06-2023;CF232;C161;CAT 793 F;Lastre Oxidado;ESP/F10/2328/130;FASE 10;BOT_CENTRAL_SUR_INF;432,8729858;2;ESPERANZA
13-06-2023;CF232;C162;CAT 793 F;Lastre Oxidado;ESP/F10/2328/130;FASE 10;BOT_CENTRAL_SUR_INF;216,4360046;1;ESPERANZA
13-06-2023;CF232;C162;CAT 793 F;Lastre Oxidado;ESP/F10/2328/130;FASE 10;BOT_RAMPA_SUPERIOR;216,4360046;1;ESPERANZA
13-06-2023;CF232;C163;CAT 793 F;Lastre Oxidado;ESP/F10/2328/130;FASE 10;BOT_CENTRAL_SUR_INF;216,4360046;1;ESPERANZA
13-06-2023;CF232;C164;CAT 793 F;Lastre Oxidado;ESP/F10/2328/130;FASE 10;BOT_CENTRAL_SUR_INF;649,309021;3;ESPERANZA
13-06-2023;CF233;C122;CAT 793 C;Baja Ley 1;ST-TS_18;OXIDO;CHANCADO-OXIDO;432,8720093;2;TESORO
13-06-2023;CF233;C123;CAT 793 C;Lastre Oxidado;ESP/F10/2328/130;FASE 10;BOT_CENTRAL_SUR_INF;216,4360046;1;ESPERANZA
13-06-2023;CF233;C125;CAT 793 C;Lastre Oxidado;ESP/F10/2328/130;FASE 10;BOT_CENTRAL_SUR_INF;865,7450256;4;ESPERANZA
13-06-2023;CF233;C128;CAT 793 C;Lastre Oxidado;ESP/F10/2328/130;FASE 10;BOT_CENTRAL_SUR_INF;1515,056;7;ESPERANZA
13-06-2023;CF233;C128;CAT 793 C;Lastre Oxidado;ESP/F10/2328/130;FASE 10;BOT_MIJO;649,3089905;3;ESPERANZA
13-06-2023;CF233;C130;CAT 793 C;Lastre Oxidado;ESP/F10/2328/130;FASE 10;BOT_CENTRAL_SUR_INF;1515,060059;7;ESPERANZA
13-06-2023;CF233;C131;CAT 793 C;Lastre Oxidado;ESP/F10/2328/130;FASE 10;BOT_CENTRAL_SUR_INF;1947,930054;9;ESPERANZA
13-06-2023;CF233;C131;CAT 793 C;Lastre Oxidado;ESP/F10/2328/130;FASE 10;BOT_MIJO;432,8729858;2;ESPERANZA
13-06-2023;CF233;C134;CAT 793 C;Lastre Oxidado;ESP/F10/2328/130;FASE 10;BOT_CENTRAL_SUR_INF;432,8729858;2;ESPERANZA
13-06-2023;CF233;C135;CAT 793 C;Baja Ley 1;ST-TS_18;OXIDO;CHANCADO-OXIDO;1082,181976;5;TESORO
13-06-2023;CF233;C135;CAT 793 C;Baja Ley 1;ST-TS_18;OXIDO;ST-TS_18;216,4360046;1;TESORO
13-06-2023;CF233;C153;CAT 793 F;Lastre Oxidado;ESP/F10/2328/130;FASE 10;BOT_CENTRAL_SUR_INF;1515,060059;7;ESPERANZA
13-06-2023;CF233;C154;CAT 793 F;Lastre Oxidado;ESP/F10/2328/130;FASE 10;BOT_CENTRAL_SUR_INF;1298,617035;6;ESPERANZA
13-06-2023;CF233;C154;CAT 793 F;Lastre Oxidado;ESP/F10/2328/130;FASE 10;BOT_MIJO;432,8720093;2;ESPERANZA
13-06-2023;CF233;C156;CAT 793 F;Lastre Oxidado;ESP/F10/2328/130;FASE 10;BOT_CENTRAL_SUR_INF;1731,492981;8;ESPERANZA
13-06-2023;CF233;C159;CAT 793 F;Lastre Oxidado;ESP/F10/2328/130;FASE 10;BOT_CENTRAL_SUR_INF;432,8729858;2;ESPERANZA
13-06-2023;CF233;C159;CAT 793 F;Lastre Oxidado;ESP/F10/2328/130;FASE 10;BOT_MIJO;216,4360046;1;ESPERANZA
13-06-2023;CF233;C160;CAT 793 F;Lastre Oxidado;ESP/F10/2328/130;FASE 10;BOT_MIJO;216,4360046;1;ESPERANZA
13-06-2023;CF233;C161;CAT 793 F;Lastre Oxidado;ESP/F10/2328/130;FASE 10;BOT_CENTRAL_SUR_INF;649,3080139;3;ESPERANZA
13-06-2023;CF233;C161;CAT 793 F;Lastre Oxidado;ESP/F10/2328/130;FASE 10;BOT_MIJO;432,8729858;2;ESPERANZA
13-06-2023;CF233;C162;CAT 793 F;Lastre Oxidado;ESP/F10/2328/130;FASE 10;BOT_MIJO;216,4360046;1;ESPERANZA
13-06-2023;CF233;C163;CAT 793 F;Lastre Oxidado;ESP/F10/2328/130;FASE 10;BOT_MIJO;432,8720093;2;ESPERANZA
13-06-2023;CF233;C164;CAT 793 F;Baja Ley 1;ST-TS_18;OXIDO;CHANCADO-OXIDO;216,4360046;1;TESORO
13-06-2023;CF233;C164;CAT 793 F;Lastre Oxidado;ESP/F10/2328/130;FASE 10;BOT_CENTRAL_SUR_INF;865,7450256;4;ESPERANZA
13-06-2023;CF233;C164;CAT 793 F;Lastre Oxidado;ESP/F10/2328/130;FASE 10;BOT_MIJO;432,8720093;2;ESPERANZA
13-06-2023;CF234;C121;CAT 793 C;Marginal Alta;STM-NE-02;OXIDO;CHANCADO-OXIDO;6276,656952;29;TESORO
13-06-2023;CF234;C122;CAT 793 C;Marginal Alta;STM-NE-02;OXIDO;CHANCADO-OXIDO;2813,671021;13;TESORO
13-06-2023;CF234;C123;CAT 793 C;Marginal Alta;STM-NE-02;OXIDO;CHANCADO-OXIDO;2597,238068;12;TESORO
13-06-2023;CF234;C125;CAT 793 C;Marginal Alta;STM-NE-02;OXIDO;CHANCADO-OXIDO;432,8729858;2;TESORO
13-06-2023;CF234;C125;CAT 793 C;Marginal Alta;STM-NE-02;OXIDO;STM-NE-02;216,4360046;1;TESORO
13-06-2023;CF234;C134;CAT 793 C;Marginal Alta;STM-NE-02;OXIDO;CHANCADO-OXIDO;649,309021;3;TESORO
13-06-2023;CF234;C151;CAT 793 F;Marginal Alta;STM-NE-02;OXIDO;CHANCADO-OXIDO;3895,859039;18;TESORO
13-06-2023;CF234;C155;CAT 793 F;Marginal Alta;STM-NE-02;OXIDO;CHANCADO-OXIDO;5843,792084;27;TESORO
13-06-2023;CF234;C162;CAT 793 F;Marginal Alta;STM-NE-02;OXIDO;CHANCADO-OXIDO;216,4360046;1;TESORO
13-06-2023;CF3;C152;CAT 793 F;Sulfuro Baja Ley;ESP/F08/1768/8080;FASE 8;STOCK_SBL1;216,4360046;1;ESPERANZA
13-06-2023;CF3;C152;CAT 793 F;Sulfuro Planta;ESP/F08/1768/8080;FASE 8;CHANCADO-SULFURO;432,8729858;2;ESPERANZA
13-06-2023;CF3;C152;CAT 793 F;Sulfuro Planta;ESP/F08/1768/8080;FASE 8;STOCK_SPL_DIN;216,4360046;1;ESPERANZA
13-06-2023;CF3;C153;CAT 793 F;Sulfuro Baja Ley;ESP/F08/1768/8080;FASE 8;CHANCADO-SULFURO;216,4360046;1;ESPERANZA
13-06-2023;CF3;C153;CAT 793 F;Sulfuro Planta;ESP/F08/1768/8080;FASE 8;CHANCADO-SULFURO;432,8720093;2;ESPERANZA
13-06-2023;CF3;C156;CAT 793 F;Sulfuro Planta;ESP/F08/1768/8080;FASE 8;STOCK_SPL_DIN;216,4360046;1;ESPERANZA
13-06-2023;CF3;C160;CAT 793 F;Sulfuro Baja Ley;ESP/F08/1768/8080;FASE 8;CHANCADO-SULFURO;216,4360046;1;ESPERANZA
13-06-2023;CF3;C160;CAT 793 F;Sulfuro Planta;ESP/F08/1768/8080;FASE 8;CHANCADO-SULFURO;432,8720093;2;ESPERANZA
13-06-2023;CF3;C160;CAT 793 F;Sulfuro Planta;ESP/F08/1768/8080;FASE 8;STOCK_SPL_DIN;649,3089905;3;ESPERANZA
13-06-2023;CF3;C161;CAT 793 F;Sulfuro Planta;ESP/F08/1768/8080;FASE 8;CHANCADO-SULFURO;432,8729858;2;ESPERANZA
13-06-2023;CF3;C161;CAT 793 F;Sulfuro Planta;ESP/F08/1768/8080;FASE 8;STOCK_SPL_DIN;432,8729858;2;ESPERANZA
13-06-2023;CF3;C163;CAT 793 F;Sulfuro Planta;ESP/F08/1768/8080;FASE 8;CHANCADO-SULFURO;649,309021;3;ESPERANZA
13-06-2023;CF3;C163;CAT 793 F;Sulfuro Planta;ESP/F08/1768/8080;FASE 8;STOCK_SPL_DIN;432,8729858;2;ESPERANZA
13-06-2023;CF3;C164;CAT 793 F;Sulfuro Planta;ESP/F08/1768/8080;FASE 8;CHANCADO-SULFURO;216,4360046;1;ESPERANZA
13-06-2023;CF3;C164;CAT 793 F;Sulfuro Planta;ESP/F08/1768/8080;FASE 8;STOCK_SPL_DIN;216,4360046;1;ESPERANZA
13-06-2023;CF3;C19;CAT 797 F;Sulfuro Baja Ley;ESP/F08/1768/8080;FASE 8;CHANCADO-SULFURO;346,4039917;1;ESPERANZA
13-06-2023;CF3;C22;CAT 797 F;Sulfuro Baja Ley;ESP/F08/1768/8080;FASE 8;CHANCADO-SULFURO;692,8079834;2;ESPERANZA
13-06-2023;CF3;C22;CAT 797 F;Sulfuro Planta;ESP/F08/1768/8080;FASE 8;CHANCADO-SULFURO;346,4039917;1;ESPERANZA
13-06-2023;CF3;C25;CAT 797 F;Sulfuro Baja Ley;ESP/F08/1768/8080;FASE 8;CHANCADO-SULFURO;346,4039917;1;ESPERANZA
13-06-2023;CF3;C25;CAT 797 F;Sulfuro Planta;ESP/F08/1768/8080;FASE 8;CHANCADO-SULFURO;346,4039917;1;ESPERANZA
13-06-2023;CF3;C36;CAT 797 F;Sulfuro Planta;ESP/F08/1768/8080;FASE 8;CHANCADO-SULFURO;692,8079834;2;ESPERANZA
13-06-2023;CF3;C42;CAT 797 F;Sulfuro Planta;ESP/F08/1768/8080;FASE 8;CHANCADO-SULFURO;346,4039917;1;ESPERANZA
13-06-2023;CF3;C43;CAT 797 F;Sulfuro Baja Ley;ESP/F08/1768/8080;FASE 8;CHANCADO-SULFURO;692,8079834;2;ESPERANZA
13-06-2023;CF3;C44;CAT 797 F;Sulfuro Baja Ley;ESP/F08/1768/8080;FASE 8;CHANCADO-SULFURO;1039,211975;3;ESPERANZA
13-06-2023;CF3;C48;CAT 797 F;Sulfuro Baja Ley;ESP/F08/1768/8080;FASE 8;CHANCADO-SULFURO;346,4039917;1;ESPERANZA
13-06-2023;CF3;C49;KOM 930 E;Sulfuro Baja Ley;ESP/F08/1768/8080;FASE 8;CHANCADO-SULFURO;291;1;ESPERANZA
13-06-2023;CF3;C49;KOM 930 E;Sulfuro Planta;ESP/F08/1768/8080;FASE 8;STOCK_SPL_DIN;1164;4;ESPERANZA
13-06-2023;CF3;C50;KOM 930 E;Sulfuro Baja Ley;ESP/F08/1768/8080;FASE 8;CHANCADO-SULFURO;291;1;ESPERANZA
13-06-2023;CF3;C50;KOM 930 E;Sulfuro Baja Ley;ESP/F08/1768/8080;FASE 8;STOCK_SBL1;291;1;ESPERANZA
13-06-2023;CF3;C50;KOM 930 E;Sulfuro Planta;ESP/F08/1768/8080;FASE 8;CHANCADO-SULFURO;582;2;ESPERANZA
13-06-2023;CF3;C51;KOM 930 E;Sulfuro Baja Ley;ESP/F08/1768/8080;FASE 8;CHANCADO-SULFURO;582;2;ESPERANZA
13-06-2023;CF3;C51;KOM 930 E;Sulfuro Planta;ESP/F08/1768/8080;FASE 8;STOCK_SPL_DIN;582;2;ESPERANZA
13-06-2023;CF3;C52;KOM 930 E;Sulfuro Baja Ley;ESP/F08/1768/8080;FASE 8;CHANCADO-SULFURO;582;2;ESPERANZA
13-06-2023;CF3;C52;KOM 930 E;Sulfuro Planta;ESP/F08/1768/8080;FASE 8;CHANCADO-SULFURO;291;1;ESPERANZA
13-06-2023;CF3;C52;KOM 930 E;Sulfuro Planta;ESP/F08/1768/8080;FASE 8;STOCK_SPL_DIN;291;1;ESPERANZA
13-06-2023;CF3;C53;KOM 930 E;Sulfuro Baja Ley;ESP/F08/1768/8080;FASE 8;CHANCADO-SULFURO;291;1;ESPERANZA
13-06-2023;CF3;C53;KOM 930 E;Sulfuro Planta;ESP/F08/1768/8080;FASE 8;CHANCADO-SULFURO;291;1;ESPERANZA
13-06-2023;CF3;C53;KOM 930 E;Sulfuro Planta;ESP/F08/1768/8080;FASE 8;STOCK_SPL_DIN;582;2;ESPERANZA
13-06-2023;CF3;C54;KOM 930 E;Sulfuro Baja Ley;ESP/F08/1768/8080;FASE 8;CHANCADO-SULFURO;582;2;ESPERANZA
13-06-2023;CF3;C54;KOM 930 E;Sulfuro Planta;ESP/F08/1768/8080;FASE 8;STOCK_SPL_DIN;291;1;ESPERANZA
13-06-2023;CF3;C55;KOM 930 E;Sulfuro Baja Ley;ESP/F08/1768/8080;FASE 8;STOCK_SBL1;291;1;ESPERANZA
13-06-2023;CF3;C56;KOM 930 E;Sulfuro Baja Ley;ESP/F08/1768/8080;FASE 8;CHANCADO-SULFURO;291;1;ESPERANZA
13-06-2023;CF3;C56;KOM 930 E;Sulfuro Planta;ESP/F08/1768/8080;FASE 8;CHANCADO-SULFURO;291;1;ESPERANZA
13-06-2023;CF3;C56;KOM 930 E;Sulfuro Planta;ESP/F08/1768/8080;FASE 8;STOCK_SPL_DIN;291;1;ESPERANZA
13-06-2023;CF3;C58;KOM 930 E;Sulfuro Baja Ley;ESP/F08/1768/8080;FASE 8;CHANCADO-SULFURO;582;2;ESPERANZA
13-06-2023;CF3;C58;KOM 930 E;Sulfuro Planta;ESP/F08/1768/8080;FASE 8;CHANCADO-SULFURO;582;2;ESPERANZA
13-06-2023;CF3;C58;KOM 930 E;Sulfuro Planta;ESP/F08/1768/8080;FASE 8;STOCK_SPL_DIN;291;1;ESPERANZA
13-06-2023;CF3;C60;KOM 930 E;Sulfuro Baja Ley;ESP/F08/1768/8080;FASE 8;STOCK_SBL1;291;1;ESPERANZA
13-06-2023;CF3;C60;KOM 930 E;Sulfuro Planta;ESP/F08/1768/8080;FASE 8;CHANCADO-SULFURO;291;1;ESPERANZA
13-06-2023;CF3;C60;KOM 930 E;Sulfuro Planta;ESP/F08/1768/8080;FASE 8;STOCK_SPL_DIN;291;1;ESPERANZA
13-06-2023;CF3;C61;KOM 930 E;Sulfuro Baja Ley;ESP/F08/1768/8080;FASE 8;STOCK_SBL1;291;1;ESPERANZA
13-06-2023;CF3;C61;KOM 930 E;Sulfuro Planta;ESP/F08/1768/8080;FASE 8;CHANCADO-SULFURO;873;3;ESPERANZA
13-06-2023;CF3;C61;KOM 930 E;Sulfuro Planta;ESP/F08/1768/8080;FASE 8;STOCK_SPL_DIN;582;2;ESPERANZA
13-06-2023;PA1;C07;CAT 797 B;Lastre Oxidado;ESP/F07/2104/707;FASE 7;BOT_2380_INT;692,8079834;2;ESPERANZA
13-06-2023;PA1;C07;CAT 797 B;Lastre Oxidado;ESP/F07/2104/707;FASE 7;BOT_MIJO;1385,613953;4;ESPERANZA
13-06-2023;PA1;C08;CAT 797 B;Lastre Oxidado;ESP/F07/2104/707;FASE 7;BOT_2380_INT;346,4039917;1;ESPERANZA
13-06-2023;PA1;C08;CAT 797 B;Lastre Oxidado;ESP/F07/2104/707;FASE 7;BOT_MIJO;2078,42395;6;ESPERANZA
13-06-2023;PA1;C09;CAT 797 B;Lastre Oxidado;ESP/F07/2104/707;FASE 7;BOT_2380_INT;346,4039917;1;ESPERANZA
13-06-2023;PA1;C09;CAT 797 B;Lastre Oxidado;ESP/F07/2104/707;FASE 7;BOT_MIJO;2078,427979;6;ESPERANZA
13-06-2023;PA1;C10;CAT 797 B;Lastre Oxidado;ESP/F07/2104/707;FASE 7;BOT_2380_INT;1732,023987;5;ESPERANZA
13-06-2023;PA1;C10;CAT 797 B;Lastre Oxidado;ESP/F07/2104/707;FASE 7;BOT_MIJO;1385,613953;4;ESPERANZA
13-06-2023;PA1;C11;CAT 797 B;Lastre Oxidado;ESP/F07/2104/707;FASE 7;BOT_2380_INT;346,4039917;1;ESPERANZA
13-06-2023;PA1;C11;CAT 797 B;Lastre Oxidado;ESP/F07/2104/707;FASE 7;BOT_CENTRAL_SUR_INF;346,4039917;1;ESPERANZA
13-06-2023;PA1;C11;CAT 797 B;Lastre Oxidado;ESP/F07/2104/707;FASE 7;BOT_MIJO;1385,613953;4;ESPERANZA
13-06-2023;PA1;C11;CAT 797 B;Lastre Sulfurado;ESP/F07/2104/7060;FASE 7;BOT_CENTRAL_SUR_INF;346,4039917;1;ESPERANZA
13-06-2023;PA1;C12;CAT 797 B;Lastre Oxidado;ESP/F07/2104/707;FASE 7;BOT_2380_INT;692,8079834;2;ESPERANZA
13-06-2023;PA1;C12;CAT 797 B;Lastre Oxidado;ESP/F07/2104/707;FASE 7;BOT_CENTRAL_SUR_INF;346,4039917;1;ESPERANZA
13-06-2023;PA1;C12;CAT 797 B;Lastre Oxidado;ESP/F07/2104/707;FASE 7;BOT_MIJO;1039,211975;3;ESPERANZA
13-06-2023;PA1;C13;CAT 797 B;Lastre Oxidado;ESP/F07/2104/707;FASE 7;BOT_MIJO;346,4039917;1;ESPERANZA
13-06-2023;PA1;C130;CAT 793 C;Lastre Oxidado;ESP/F07/2104/707;FASE 7;BOT_MIJO;216,4360046;1;ESPERANZA
13-06-2023;PA1;C14;CAT 797 B;Lastre Oxidado;ESP/F07/2104/707;FASE 7;BOT_2380_INT;2078,424011;6;ESPERANZA
13-06-2023;PA1;C14;CAT 797 B;Lastre Oxidado;ESP/F07/2104/707;FASE 7;BOT_CENTRAL_SUR_INF;346,4039917;1;ESPERANZA
13-06-2023;PA1;C14;CAT 797 B;Lastre Oxidado;ESP/F07/2104/707;FASE 7;BOT_MIJO;5888,861877;17;ESPERANZA
13-06-2023;PA1;C15;CAT 797 B;Lastre Oxidado;ESP/F07/2104/707;FASE 7;BOT_2380_INT;1732,017944;5;ESPERANZA
13-06-2023;PA1;C15;CAT 797 B;Lastre Oxidado;ESP/F07/2104/707;FASE 7;BOT_MIJO;3810,446045;11;ESPERANZA
13-06-2023;PA1;C153;CAT 793 F;Lastre Oxidado;ESP/F07/2104/707;FASE 7;BOT_MIJO;216,4360046;1;ESPERANZA
13-06-2023;PA1;C154;CAT 793 F;Lastre Oxidado;ESP/F07/2104/707;FASE 7;BOT_MIJO;216,4360046;1;ESPERANZA
13-06-2023;PA1;C159;CAT 793 F;Lastre Oxidado;ESP/F07/2104/707;FASE 7;BOT_2380_INT;649,309021;3;ESPERANZA
13-06-2023;PA1;C16;CAT 797 B;Lastre Oxidado;ESP/F07/2104/707;FASE 7;BOT_2380_INT;692,8079834;2;ESPERANZA
13-06-2023;PA1;C16;CAT 797 B;Lastre Oxidado;ESP/F07/2104/707;FASE 7;BOT_CENTRAL_SUR_INF;346,4039917;1;ESPERANZA
13-06-2023;PA1;C16;CAT 797 B;Lastre Oxidado;ESP/F07/2104/707;FASE 7;BOT_MIJO;1385,615967;4;ESPERANZA
13-06-2023;PA1;C161;CAT 793 F;Lastre Oxidado;ESP/F07/2104/707;FASE 7;BOT_MIJO;216,4360046;1;ESPERANZA
13-06-2023;PA1;C17;CAT 797 F;Lastre Oxidado;ESP/F07/2104/707;FASE 7;BOT_2380_INT;346,4039917;1;ESPERANZA
13-06-2023;PA1;C17;CAT 797 F;Lastre Oxidado;ESP/F07/2104/707;FASE 7;BOT_MIJO;3117,639954;9;ESPERANZA
13-06-2023;PA1;C18;CAT 797 F;Lastre Oxidado;ESP/F07/2104/707;FASE 7;BOT_2380_INT;692,8079834;2;ESPERANZA
13-06-2023;PA1;C18;CAT 797 F;Lastre Oxidado;ESP/F07/2104/707;FASE 7;BOT_MIJO;1039,211975;3;ESPERANZA
13-06-2023;PA1;C19;CAT 797 F;Lastre Oxidado;ESP/F07/2104/707;FASE 7;BOT_2380_INT;1039,211975;3;ESPERANZA
13-06-2023;PA1;C19;CAT 797 F;Lastre Oxidado;ESP/F07/2104/707;FASE 7;BOT_MIJO;3464,043945;10;ESPERANZA
13-06-2023;PA1;C20;CAT 797 F;Lastre Oxidado;ESP/F07/2104/707;FASE 7;BOT_2380_INT;692,8079834;2;ESPERANZA
13-06-2023;PA1;C20;CAT 797 F;Lastre Oxidado;ESP/F07/2104/707;FASE 7;BOT_MIJO;1039,209961;3;ESPERANZA
13-06-2023;PA1;C21;CAT 797 F;Lastre Oxidado;ESP/F07/2104/707;FASE 7;BOT_2380_INT;1039,209961;3;ESPERANZA
13-06-2023;PA1;C21;CAT 797 F;Lastre Oxidado;ESP/F07/2104/707;FASE 7;BOT_CENTRAL_SUR_INF;346,4039917;1;ESPERANZA
13-06-2023;PA1;C21;CAT 797 F;Lastre Oxidado;ESP/F07/2104/707;FASE 7;BOT_MIJO;692,8079834;2;ESPERANZA
13-06-2023;PA1;C22;CAT 797 F;Lastre Oxidado;ESP/F07/2104/707;FASE 7;BOT_2380_INT;346,4039917;1;ESPERANZA
13-06-2023;PA1;C22;CAT 797 F;Lastre Oxidado;ESP/F07/2104/707;FASE 7;BOT_CENTRAL_SUR_INF;346,4039917;1;ESPERANZA
13-06-2023;PA1;C22;CAT 797 F;Lastre Oxidado;ESP/F07/2104/707;FASE 7;BOT_MIJO;2424,825928;7;ESPERANZA
13-06-2023;PA1;C23;CAT 797 F;Lastre Oxidado;ESP/F07/2104/707;FASE 7;BOT_2380_INT;1385,615967;4;ESPERANZA
13-06-2023;PA1;C23;CAT 797 F;Lastre Oxidado;ESP/F07/2104/707;FASE 7;BOT_MIJO;3117,631897;9;ESPERANZA
13-06-2023;PA1;C24;CAT 797 F;Lastre Oxidado;ESP/F07/2104/707;FASE 7;BOT_2380_INT;2078,424011;6;ESPERANZA
13-06-2023;PA1;C24;CAT 797 F;Lastre Oxidado;ESP/F07/2104/707;FASE 7;BOT_MIJO;4503,249939;13;ESPERANZA
13-06-2023;PA1;C25;CAT 797 F;Lastre Oxidado;ESP/F07/2104/707;FASE 7;BOT_2380_INT;1385,619995;4;ESPERANZA
13-06-2023;PA1;C25;CAT 797 F;Lastre Oxidado;ESP/F07/2104/707;FASE 7;BOT_CENTRAL_SUR_INF;346,4039917;1;ESPERANZA
13-06-2023;PA1;C25;CAT 797 F;Lastre Oxidado;ESP/F07/2104/707;FASE 7;BOT_MIJO;3117,637939;9;ESPERANZA
13-06-2023;PA1;C32;CAT 797 F;Lastre Oxidado;ESP/F07/2104/707;FASE 7;BOT_2380_INT;1732,017944;5;ESPERANZA
13-06-2023;PA1;C32;CAT 797 F;Lastre Oxidado;ESP/F07/2104/707;FASE 7;BOT_CENTRAL_SUR_INF;346,4039917;1;ESPERANZA
13-06-2023;PA1;C32;CAT 797 F;Lastre Oxidado;ESP/F07/2104/707;FASE 7;BOT_MIJO;1732,019958;5;ESPERANZA
13-06-2023;PA1;C34;CAT 797 F;Lastre Oxidado;ESP/F07/2104/707;FASE 7;BOT_2380_INT;1385,613953;4;ESPERANZA
13-06-2023;PA1;C34;CAT 797 F;Lastre Oxidado;ESP/F07/2104/707;FASE 7;BOT_CENTRAL_SUR_INF;692,8079834;2;ESPERANZA
13-06-2023;PA1;C34;CAT 797 F;Lastre Oxidado;ESP/F07/2104/707;FASE 7;BOT_MIJO;3117,633911;9;ESPERANZA
13-06-2023;PA1;C36;CAT 797 F;Lastre Oxidado;ESP/F07/2104/707;FASE 7;BOT_2380_INT;692,8079834;2;ESPERANZA
13-06-2023;PA1;C36;CAT 797 F;Lastre Oxidado;ESP/F07/2104/707;FASE 7;BOT_MIJO;1039,211975;3;ESPERANZA
13-06-2023;PA1;C37;CAT 797 F;Lastre Oxidado;ESP/F07/2104/707;FASE 7;BOT_2380_INT;1039,211975;3;ESPERANZA
13-06-2023;PA1;C37;CAT 797 F;Lastre Oxidado;ESP/F07/2104/707;FASE 7;BOT_MIJO;1385,615967;4;ESPERANZA
13-06-2023;PA1;C38;CAT 797 F;Lastre Oxidado;ESP/F07/2104/707;FASE 7;BOT_2380_INT;1385,619995;4;ESPERANZA
13-06-2023;PA1;C38;CAT 797 F;Lastre Oxidado;ESP/F07/2104/707;FASE 7;BOT_CENTRAL_SUR_INF;346,4039917;1;ESPERANZA
13-06-2023;PA1;C38;CAT 797 F;Lastre Oxidado;ESP/F07/2104/707;FASE 7;BOT_MIJO;3810,44397;11;ESPERANZA
13-06-2023;PA1;C39;CAT 797 F;Lastre Oxidado;ESP/F07/2104/707;FASE 7;BOT_2380_INT;692,8079834;2;ESPERANZA
13-06-2023;PA1;C39;CAT 797 F;Lastre Oxidado;ESP/F07/2104/707;FASE 7;BOT_MIJO;2771,235962;8;ESPERANZA
13-06-2023;PA1;C40;CAT 797 F;Lastre Oxidado;ESP/F07/2104/707;FASE 7;BOT_2380_INT;1039,211975;3;ESPERANZA
13-06-2023;PA1;C40;CAT 797 F;Lastre Oxidado;ESP/F07/2104/707;FASE 7;BOT_CENTRAL_SUR_INF;346,4039917;1;ESPERANZA
13-06-2023;PA1;C40;CAT 797 F;Lastre Oxidado;ESP/F07/2104/707;FASE 7;BOT_MIJO;2771,233948;8;ESPERANZA
13-06-2023;PA1;C41;CAT 797 F;Lastre Oxidado;ESP/F07/2104/707;FASE 7;BOT_2380_INT;1732,017944;5;ESPERANZA
13-06-2023;PA1;C41;CAT 797 F;Lastre Oxidado;ESP/F07/2104/707;FASE 7;BOT_CENTRAL_SUR_INF;692,8079834;2;ESPERANZA
13-06-2023;PA1;C41;CAT 797 F;Lastre Oxidado;ESP/F07/2104/707;FASE 7;BOT_MIJO;2424,825928;7;ESPERANZA
13-06-2023;PA1;C42;CAT 797 F;Lastre Oxidado;ESP/F07/2104/707;FASE 7;BOT_2380_INT;1039,211975;3;ESPERANZA
13-06-2023;PA1;C42;CAT 797 F;Lastre Oxidado;ESP/F07/2104/707;FASE 7;BOT_CENTRAL_SUR_INF;692,8079834;2;ESPERANZA
13-06-2023;PA1;C42;CAT 797 F;Lastre Oxidado;ESP/F07/2104/707;FASE 7;BOT_MIJO;2078,42395;6;ESPERANZA
13-06-2023;PA1;C43;CAT 797 F;Lastre Oxidado;ESP/F07/2104/707;FASE 7;BOT_2380_INT;1039,211975;3;ESPERANZA
13-06-2023;PA1;C43;CAT 797 F;Lastre Oxidado;ESP/F07/2104/707;FASE 7;BOT_MIJO;1039,209961;3;ESPERANZA
13-06-2023;PA1;C44;CAT 797 F;Lastre Oxidado;ESP/F07/2104/707;FASE 7;BOT_2380_INT;692,8079834;2;ESPERANZA
13-06-2023;PA1;C44;CAT 797 F;Lastre Oxidado;ESP/F07/2104/707;FASE 7;BOT_CENTRAL_SUR_INF;346,4039917;1;ESPERANZA
13-06-2023;PA1;C44;CAT 797 F;Lastre Oxidado;ESP/F07/2104/707;FASE 7;BOT_MIJO;1039,211975;3;ESPERANZA
13-06-2023;PA1;C45;CAT 797 F;Lastre Oxidado;ESP/F07/2104/707;FASE 7;BOT_2380_INT;1039,211975;3;ESPERANZA
13-06-2023;PA1;C45;CAT 797 F;Lastre Oxidado;ESP/F07/2104/707;FASE 7;BOT_MIJO;2771,231934;8;ESPERANZA
13-06-2023;PA1;C46;CAT 797 F;Lastre Oxidado;ESP/F07/2104/707;FASE 7;BOT_2380_INT;2424,825928;7;ESPERANZA
13-06-2023;PA1;C46;CAT 797 F;Lastre Oxidado;ESP/F07/2104/707;FASE 7;BOT_CENTRAL_SUR_INF;346,4039917;1;ESPERANZA
13-06-2023;PA1;C46;CAT 797 F;Lastre Oxidado;ESP/F07/2104/707;FASE 7;BOT_MIJO;2771,229919;8;ESPERANZA
13-06-2023;PA1;C47;CAT 797 F;Lastre Oxidado;ESP/F07/2104/707;FASE 7;BOT_2380_INT;1039,211975;3;ESPERANZA
13-06-2023;PA1;C47;CAT 797 F;Lastre Oxidado;ESP/F07/2104/707;FASE 7;BOT_MIJO;3464,037903;10;ESPERANZA
13-06-2023;PA1;C48;CAT 797 F;Lastre Oxidado;ESP/F07/2104/707;FASE 7;BOT_2380_INT;692,8079834;2;ESPERANZA
13-06-2023;PA1;C48;CAT 797 F;Lastre Oxidado;ESP/F07/2104/707;FASE 7;BOT_CENTRAL_SUR_INF;346,4039917;1;ESPERANZA
13-06-2023;PA1;C48;CAT 797 F;Lastre Oxidado;ESP/F07/2104/707;FASE 7;BOT_MIJO;1385,615967;4;ESPERANZA
13-06-2023;PA1;C61;KOM 930 E;Lastre Oxidado;ESP/F07/2104/707;FASE 7;BOT_CENTRAL_SUR_INF;291;1;ESPERANZA
13-06-2023;PA1;C61;KOM 930 E;Lastre Oxidado;ESP/F07/2104/707;FASE 7;BOT_MIJO;582;2;ESPERANZA
13-06-2023;PA10;C980AHSESPS;Kom 980 AHS;Lastre Sulfurado;ESS/F03/2216/3233;F03 ESPSUR;BOTADERO_2021;56160;156;ESPERANZA_SUR
13-06-2023;PA11;C20115ESPS;KOM 980 ESPS;Sulfuro Baja Ley;ESS/F02/2120/2131;F02 ESPSUR;CHANCADO-SULFURO;42480;118;ESPERANZA_SUR
13-06-2023;PA11;C980AHSESPS;Kom 980 AHS;Lastre Sulfurado;ESS/F02/2120/R200;F02 ESPSUR;BOTADERO_2021;43200;120;ESPERANZA_SUR
13-06-2023;PA11;C980AHSESPS;Kom 980 AHS;Sulfuro Baja Ley;ESS/F02/2120/2131;F02 ESPSUR;STOCK_SBL_ESS;33120;92;ESPERANZA_SUR
13-06-2023;PA2;C09;CAT 797 B;Sulfuro de Media;ESP/F08/1768/8080;FASE 8;CHANCADO-SULFURO;346,4039917;1;ESPERANZA
13-06-2023;PA2;C11;CAT 797 B;Sulfuro de Media;ESP/F08/1768/8080;FASE 8;CHANCADO-SULFURO;346,4039917;1;ESPERANZA
13-06-2023;PA2;C152;CAT 793 F;Sulfuro de Media;ESP/F08/1768/8080;FASE 8;CHANCADO-SULFURO;865,7450256;4;ESPERANZA
13-06-2023;PA2;C152;CAT 793 F;Sulfuro de Media;ESP/F08/1768/8080;FASE 8;STOCK_SME;865,7449951;4;ESPERANZA
13-06-2023;PA2;C153;CAT 793 F;Sulfuro de Media;ESP/F08/1768/8080;FASE 8;CHANCADO-SULFURO;216,4360046;1;ESPERANZA
13-06-2023;PA2;C156;CAT 793 F;Sulfuro de Media;ESP/F08/1768/8080;FASE 8;CHANCADO-SULFURO;865,7459717;4;ESPERANZA
13-06-2023;PA2;C159;CAT 793 F;Sulfuro de Media;ESP/F08/1768/8080;FASE 8;CHANCADO-SULFURO;649,3089905;3;ESPERANZA
13-06-2023;PA2;C160;CAT 793 F;Sulfuro de Media;ESP/F08/1768/8080;FASE 8;CHANCADO-SULFURO;649,3089905;3;ESPERANZA
13-06-2023;PA2;C160;CAT 793 F;Sulfuro de Media;ESP/F08/1768/8080;FASE 8;STOCK_SME;865,7449951;4;ESPERANZA
13-06-2023;PA2;C161;CAT 793 F;Sulfuro de Media;ESP/F08/1768/8080;FASE 8;CHANCADO-SULFURO;432,8729858;2;ESPERANZA
13-06-2023;PA2;C161;CAT 793 F;Sulfuro de Media;ESP/F08/1768/8080;FASE 8;STOCK_SME;216,4360046;1;ESPERANZA
13-06-2023;PA2;C162;CAT 793 F;Sulfuro de Media;ESP/F08/1768/8080;FASE 8;STOCK_SME;649,3089905;3;ESPERANZA
13-06-2023;PA2;C163;CAT 793 F;Sulfuro de Media;ESP/F08/1768/8080;FASE 8;CHANCADO-SULFURO;649,3089905;3;ESPERANZA
13-06-2023;PA2;C163;CAT 793 F;Sulfuro de Media;ESP/F08/1768/8080;FASE 8;STOCK_SME;649,3089905;3;ESPERANZA
13-06-2023;PA2;C164;CAT 793 F;Sulfuro de Media;ESP/F08/1768/8080;FASE 8;CHANCADO-SULFURO;216,4360046;1;ESPERANZA
13-06-2023;PA2;C19;CAT 797 F;Sulfuro de Media;ESP/F08/1768/8080;FASE 8;CHANCADO-SULFURO;1385,619995;4;ESPERANZA
13-06-2023;PA2;C19;CAT 797 F;Sulfuro de Media;ESP/F08/1768/8080;FASE 8;STOCK_SME;346,4039917;1;ESPERANZA
13-06-2023;PA2;C22;CAT 797 F;Sulfuro de Media;ESP/F08/1768/8080;FASE 8;CHANCADO-SULFURO;346,4039917;1;ESPERANZA
13-06-2023;PA2;C22;CAT 797 F;Sulfuro de Media;ESP/F08/1768/8080;FASE 8;STOCK_SME;346,4039917;1;ESPERANZA
13-06-2023;PA2;C25;CAT 797 F;Sulfuro de Media;ESP/F08/1768/8080;FASE 8;CHANCADO-SULFURO;346,4039917;1;ESPERANZA
13-06-2023;PA2;C25;CAT 797 F;Sulfuro de Media;ESP/F08/1768/8080;FASE 8;STOCK_SME;692,8079834;2;ESPERANZA
13-06-2023;PA2;C38;CAT 797 F;Sulfuro de Media;ESP/F08/1768/8080;FASE 8;CHANCADO-SULFURO;692,8079834;2;ESPERANZA
13-06-2023;PA2;C38;CAT 797 F;Sulfuro de Media;ESP/F08/1768/8080;FASE 8;STOCK_SME;692,8079834;2;ESPERANZA
13-06-2023;PA2;C39;CAT 797 F;Sulfuro de Media;ESP/F08/1768/8080;FASE 8;CHANCADO-SULFURO;346,4039917;1;ESPERANZA
13-06-2023;PA2;C39;CAT 797 F;Sulfuro de Media;ESP/F08/1768/8080;FASE 8;STOCK_SME;692,8079834;2;ESPERANZA
13-06-2023;PA2;C40;CAT 797 F;Sulfuro de Media;ESP/F08/1768/8080;FASE 8;CHANCADO-SULFURO;346,4039917;1;ESPERANZA
13-06-2023;PA2;C42;CAT 797 F;Sulfuro de Media;ESP/F08/1768/8080;FASE 8;CHANCADO-SULFURO;692,8079834;2;ESPERANZA
13-06-2023;PA2;C43;CAT 797 F;Sulfuro de Media;ESP/F08/1768/8080;FASE 8;STOCK_SME;346,4039917;1;ESPERANZA
13-06-2023;PA2;C44;CAT 797 F;Sulfuro de Media;ESP/F08/1768/8080;FASE 8;CHANCADO-SULFURO;346,4039917;1;ESPERANZA
13-06-2023;PA2;C46;CAT 797 F;Sulfuro de Media;ESP/F08/1768/8080;FASE 8;CHANCADO-SULFURO;346,4039917;1;ESPERANZA
13-06-2023;PA2;C47;CAT 797 F;Sulfuro de Media;ESP/F08/1768/8080;FASE 8;CHANCADO-SULFURO;692,8079834;2;ESPERANZA
13-06-2023;PA2;C48;CAT 797 F;Sulfuro de Media;ESP/F08/1768/8080;FASE 8;CHANCADO-SULFURO;346,4039917;1;ESPERANZA
13-06-2023;PA2;C48;CAT 797 F;Sulfuro de Media;ESP/F08/1768/8080;FASE 8;STOCK_SME;346,4039917;1;ESPERANZA
13-06-2023;PA2;C49;KOM 930 E;Sulfuro de Media;ESP/F08/1768/8080;FASE 8;CHANCADO-SULFURO;1746;6;ESPERANZA
13-06-2023;PA2;C49;KOM 930 E;Sulfuro de Media;ESP/F08/1768/8080;FASE 8;STOCK_SME;2619;9;ESPERANZA
13-06-2023;PA2;C50;KOM 930 E;Sulfuro de Media;ESP/F08/1768/8080;FASE 8;CHANCADO-SULFURO;1164;4;ESPERANZA
13-06-2023;PA2;C50;KOM 930 E;Sulfuro de Media;ESP/F08/1768/8080;FASE 8;STOCK_SME;873;3;ESPERANZA
13-06-2023;PA2;C51;KOM 930 E;Sulfuro de Media;ESP/F08/1768/8080;FASE 8;CHANCADO-SULFURO;2619;9;ESPERANZA
13-06-2023;PA2;C51;KOM 930 E;Sulfuro de Media;ESP/F08/1768/8080;FASE 8;STOCK_SME;582;2;ESPERANZA
13-06-2023;PA2;C52;KOM 930 E;Sulfuro de Media;ESP/F08/1768/8080;FASE 8;CHANCADO-SULFURO;1746;6;ESPERANZA
13-06-2023;PA2;C52;KOM 930 E;Sulfuro de Media;ESP/F08/1768/8080;FASE 8;STOCK_SME;2037;7;ESPERANZA
13-06-2023;PA2;C53;KOM 930 E;Sulfuro de Media;ESP/F08/1768/8080;FASE 8;CHANCADO-SULFURO;2328;8;ESPERANZA
13-06-2023;PA2;C53;KOM 930 E;Sulfuro de Media;ESP/F08/1768/8080;FASE 8;STOCK_SME;1746;6;ESPERANZA
13-06-2023;PA2;C54;KOM 930 E;Sulfuro de Media;ESP/F08/1768/8080;FASE 8;CHANCADO-SULFURO;873;3;ESPERANZA
13-06-2023;PA2;C54;KOM 930 E;Sulfuro de Media;ESP/F08/1768/8080;FASE 8;STOCK_SME;1164;4;ESPERANZA
13-06-2023;PA2;C55;KOM 930 E;Sulfuro de Media;ESP/F08/1768/8080;FASE 8;CHANCADO-SULFURO;2037;7;ESPERANZA
13-06-2023;PA2;C55;KOM 930 E;Sulfuro de Media;ESP/F08/1768/8080;FASE 8;STOCK_SME;3201;11;ESPERANZA
13-06-2023;PA2;C56;KOM 930 E;Sulfuro de Media;ESP/F08/1768/8080;FASE 8;CHANCADO-SULFURO;2328;8;ESPERANZA
13-06-2023;PA2;C56;KOM 930 E;Sulfuro de Media;ESP/F08/1768/8080;FASE 8;STOCK_SME;1455;5;ESPERANZA
13-06-2023;PA2;C58;KOM 930 E;Sulfuro de Media;ESP/F08/1768/8080;FASE 8;CHANCADO-SULFURO;1164;4;ESPERANZA
13-06-2023;PA2;C58;KOM 930 E;Sulfuro de Media;ESP/F08/1768/8080;FASE 8;STOCK_SME;1455;5;ESPERANZA
13-06-2023;PA2;C59;KOM 930 E;Sulfuro de Media;ESP/F08/1768/8080;FASE 8;CHANCADO-SULFURO;1455;5;ESPERANZA
13-06-2023;PA2;C59;KOM 930 E;Sulfuro de Media;ESP/F08/1768/8080;FASE 8;STOCK_SME;291;1;ESPERANZA
13-06-2023;PA2;C60;KOM 930 E;Sulfuro de Media;ESP/F08/1768/8080;FASE 8;CHANCADO-SULFURO;2328;8;ESPERANZA
13-06-2023;PA2;C60;KOM 930 E;Sulfuro de Media;ESP/F08/1768/8080;FASE 8;STOCK_SME;582;2;ESPERANZA
13-06-2023;PA2;C61;KOM 930 E;Sulfuro de Media;ESP/F08/1768/8080;FASE 8;CHANCADO-SULFURO;1455;5;ESPERANZA
13-06-2023;PA2;C61;KOM 930 E;Sulfuro de Media;ESP/F08/1768/8080;FASE 8;STOCK_SME;1164;4;ESPERANZA
13-06-2023;PA211;C07;CAT 797 B;Lastre Sulfurado;ESP/F10/2296/1050;FASE 10;BOT_CENTRAL_SUR_INF;1039,209961;3;ESPERANZA
13-06-2023;PA211;C07;CAT 797 B;Lastre Sulfurado;ESP/F10/2296/1050;FASE 10;BOT_MIJO;2078,419922;6;ESPERANZA
13-06-2023;PA211;C08;CAT 797 B;Lastre Sulfurado;ESP/F10/2296/1050;FASE 10;BOT_CENTRAL_SUR_INF;3810,450073;11;ESPERANZA
13-06-2023;PA211;C08;CAT 797 B;Lastre Sulfurado;ESP/F10/2296/1050;FASE 10;BOT_MIJO;1385,619995;4;ESPERANZA
13-06-2023;PA211;C09;CAT 797 B;Lastre Sulfurado;ESP/F10/2296/1050;FASE 10;BOT_CENTRAL_SUR_INF;1385,615967;4;ESPERANZA
13-06-2023;PA211;C10;CAT 797 B;Lastre Sulfurado;ESP/F10/2296/1050;FASE 10;BOT_CENTRAL_SUR_INF;2078,424011;6;ESPERANZA
13-06-2023;PA211;C11;CAT 797 B;Lastre Sulfurado;ESP/F10/2296/1050;FASE 10;BOT_CENTRAL_SUR_INF;1039,211975;3;ESPERANZA
13-06-2023;PA211;C12;CAT 797 B;Lastre Sulfurado;ESP/F10/2296/1050;FASE 10;BOT_CENTRAL_SUR_INF;2078,427979;6;ESPERANZA
13-06-2023;PA211;C121;CAT 793 C;Lastre Sulfurado;ESP/F10/2296/1050;FASE 10;BOT_RAMPA_SUPERIOR;216,4360046;1;ESPERANZA
13-06-2023;PA211;C122;CAT 793 C;Lastre Sulfurado;ESP/F10/2296/1050;FASE 10;BOT_CENTRAL_SUR_INF;432,8729858;2;ESPERANZA
13-06-2023;PA211;C123;CAT 793 C;Lastre Sulfurado;ESP/F10/2296/1050;FASE 10;BOT_CENTRAL_SUR_INF;1082,18103;5;ESPERANZA
13-06-2023;PA211;C125;CAT 793 C;Lastre Sulfurado;ESP/F10/2296/1050;FASE 10;BOT_CENTRAL_SUR_INF;216,4360046;1;ESPERANZA
13-06-2023;PA211;C128;CAT 793 C;Lastre Sulfurado;ESP/F10/2296/1050;FASE 10;BOT_CENTRAL_SUR_INF;2597,237976;12;ESPERANZA
13-06-2023;PA211;C128;CAT 793 C;Lastre Sulfurado;ESP/F10/2296/1050;FASE 10;BOT_MIJO;216,4360046;1;ESPERANZA
13-06-2023;PA211;C129;CAT 793 C;Lastre Sulfurado;ESP/F10/2296/1050;FASE 10;BOT_CENTRAL_SUR_INF;865,7459717;4;ESPERANZA
13-06-2023;PA211;C13;CAT 797 B;Lastre Sulfurado;ESP/F10/2296/1050;FASE 10;BOT_CENTRAL_SUR_INF;346,4039917;1;ESPERANZA
13-06-2023;PA211;C130;CAT 793 C;Lastre Sulfurado;ESP/F10/2296/1050;FASE 10;BOT_CENTRAL_SUR_INF;1298,618011;6;ESPERANZA
13-06-2023;PA211;C131;CAT 793 C;Lastre Sulfurado;ESP/F10/2296/1050;FASE 10;BOT_CENTRAL_SUR_INF;1082,182007;5;ESPERANZA
13-06-2023;PA211;C131;CAT 793 C;Lastre Sulfurado;ESP/F10/2296/1050;FASE 10;BOT_MIJO;216,4360046;1;ESPERANZA
13-06-2023;PA211;C134;CAT 793 C;Lastre Sulfurado;ESP/F10/2296/1050;FASE 10;BOT_CENTRAL_SUR_INF;865,7450256;4;ESPERANZA
13-06-2023;PA211;C14;CAT 797 B;Lastre Sulfurado;ESP/F10/2296/1050;FASE 10;BOT_CENTRAL_SUR_INF;692,8079834;2;ESPERANZA
13-06-2023;PA211;C151;CAT 793 F;Lastre Sulfurado;ESP/F10/2296/1050;FASE 10;BOT_CENTRAL_SUR_INF;1082,182007;5;ESPERANZA
13-06-2023;PA211;C152;CAT 793 F;Lastre Sulfurado;ESP/F10/2296/1050;FASE 10;BOT_CENTRAL_SUR_INF;432,8729858;2;ESPERANZA
13-06-2023;PA211;C153;CAT 793 F;Lastre Sulfurado;ESP/F10/2296/1050;FASE 10;BOT_CENTRAL_SUR_INF;2597,238037;12;ESPERANZA
13-06-2023;PA211;C154;CAT 793 F;Lastre Sulfurado;ESP/F10/2296/1050;FASE 10;BOT_CENTRAL_SUR_INF;1731,48999;8;ESPERANZA
13-06-2023;PA211;C156;CAT 793 F;Lastre Sulfurado;ESP/F10/2296/1050;FASE 10;BOT_CENTRAL_SUR_INF;1082,182007;5;ESPERANZA
13-06-2023;PA211;C159;CAT 793 F;Lastre Sulfurado;ESP/F10/2296/1050;FASE 10;BOT_CENTRAL_SUR_INF;1947,927948;9;ESPERANZA
13-06-2023;PA211;C16;CAT 797 B;Lastre Sulfurado;ESP/F10/2296/1050;FASE 10;BOT_CENTRAL_SUR_INF;2424,830078;7;ESPERANZA
13-06-2023;PA211;C16;CAT 797 B;Lastre Sulfurado;ESP/F10/2296/1050;FASE 10;BOT_MIJO;692,8079834;2;ESPERANZA
13-06-2023;PA211;C160;CAT 793 F;Lastre Sulfurado;ESP/F10/2296/1050;FASE 10;BOT_CENTRAL_SUR_INF;865,7459717;4;ESPERANZA
13-06-2023;PA211;C161;CAT 793 F;Lastre Sulfurado;ESP/F10/2296/1050;FASE 10;BOT_CENTRAL_SUR_INF;432,8720093;2;ESPERANZA
13-06-2023;PA211;C162;CAT 793 F;Lastre Sulfurado;ESP/F10/2296/1050;FASE 10;BOT_CENTRAL_SUR_INF;1731,492004;8;ESPERANZA
13-06-2023;PA211;C162;CAT 793 F;Lastre Sulfurado;ESP/F10/2296/1050;FASE 10;BOT_MIJO;432,8729858;2;ESPERANZA
13-06-2023;PA211;C163;CAT 793 F;Lastre Sulfurado;ESP/F10/2296/1050;FASE 10;BOT_CENTRAL_SUR_INF;1082,181976;5;ESPERANZA
13-06-2023;PA211;C164;CAT 793 F;Lastre Sulfurado;ESP/F10/2296/1050;FASE 10;BOT_CENTRAL_SUR_INF;1082,182007;5;ESPERANZA
13-06-2023;PA211;C164;CAT 793 F;Lastre Sulfurado;ESP/F10/2296/1050;FASE 10;BOT_MIJO;216,4360046;1;ESPERANZA
13-06-2023;PA211;C164;CAT 793 F;Lastre Sulfurado;ESP/F10/2296/1050;FASE 10;BOT_RAMPA_SUPERIOR;216,4360046;1;ESPERANZA
13-06-2023;PA211;C17;CAT 797 F;Lastre Sulfurado;ESP/F10/2296/1050;FASE 10;BOT_CENTRAL_SUR_INF;4849,660156;14;ESPERANZA
13-06-2023;PA211;C17;CAT 797 F;Lastre Sulfurado;ESP/F10/2296/1050;FASE 10;BOT_MIJO;346,4039917;1;ESPERANZA
13-06-2023;PA211;C18;CAT 797 F;Lastre Sulfurado;ESP/F10/2296/1050;FASE 10;BOT_CENTRAL_SUR_INF;2424,823914;7;ESPERANZA
13-06-2023;PA211;C18;CAT 797 F;Lastre Sulfurado;ESP/F10/2296/1050;FASE 10;BOT_MIJO;2078,419922;6;ESPERANZA
13-06-2023;PA211;C20;CAT 797 F;Lastre Sulfurado;ESP/F10/2296/1050;FASE 10;BOT_CENTRAL_SUR_INF;1039,209961;3;ESPERANZA
13-06-2023;PA211;C22;CAT 797 F;Lastre Sulfurado;ESP/F10/2296/1050;FASE 10;BOT_CENTRAL_SUR_INF;1385,613953;4;ESPERANZA
13-06-2023;PA211;C34;CAT 797 F;Lastre Sulfurado;ESP/F10/2296/1050;FASE 10;BOT_CENTRAL_SUR_INF;1732,02002;5;ESPERANZA
13-06-2023;PA211;C37;CAT 797 F;Lastre Sulfurado;ESP/F10/2296/1050;FASE 10;BOT_CENTRAL_SUR_INF;2424,828003;7;ESPERANZA
13-06-2023;PA211;C39;CAT 797 F;Lastre Sulfurado;ESP/F10/2296/1050;FASE 10;BOT_CENTRAL_SUR_INF;346,4039917;1;ESPERANZA
13-06-2023;PA211;C41;CAT 797 F;Lastre Sulfurado;ESP/F10/2296/1050;FASE 10;BOT_CENTRAL_SUR_INF;346,4039917;1;ESPERANZA
13-06-2023;PA211;C43;CAT 797 F;Lastre Sulfurado;ESP/F10/2296/1050;FASE 10;BOT_CENTRAL_SUR_INF;346,4039917;1;ESPERANZA
13-06-2023;PA211;C45;CAT 797 F;Lastre Sulfurado;ESP/F10/2296/1050;FASE 10;BOT_CENTRAL_SUR_INF;1039,209961;3;ESPERANZA
13-06-2023;PA211;C48;CAT 797 F;Lastre Sulfurado;ESP/F10/2296/1050;FASE 10;BOT_CENTRAL_SUR_INF;346,4039917;1;ESPERANZA
13-06-2023;PA211;C49;KOM 930 E;Lastre Sulfurado;ESP/F10/2296/1050;FASE 10;BOT_CENTRAL_SUR_INF;582;2;ESPERANZA
13-06-2023;PA211;C50;KOM 930 E;Lastre Sulfurado;ESP/F10/2296/1050;FASE 10;BOT_CENTRAL_SUR_INF;1455;5;ESPERANZA
13-06-2023;PA211;C50;KOM 930 E;Lastre Sulfurado;ESP/F10/2296/1050;FASE 10;BOT_MIJO;1164;4;ESPERANZA
13-06-2023;PA211;C52;KOM 930 E;Lastre Sulfurado;ESP/F10/2296/1050;FASE 10;BOT_CENTRAL_SUR_INF;582;2;ESPERANZA
13-06-2023;PA211;C53;KOM 930 E;Lastre Sulfurado;ESP/F10/2296/1050;FASE 10;BOT_CENTRAL_SUR_INF;291;1;ESPERANZA
13-06-2023;PA211;C54;KOM 930 E;Lastre Sulfurado;ESP/F10/2296/1050;FASE 10;BOT_CENTRAL_SUR_INF;291;1;ESPERANZA
13-06-2023;PA211;C61;KOM 930 E;Lastre Sulfurado;ESP/F10/2296/1050;FASE 10;BOT_CENTRAL_SUR_INF;582;2;ESPERANZA
13-06-2023;PA26;C07;CAT 797 B;Lastre Sulfurado;ESP/F07/2120/7290;FASE 7;BOT_2380_INT;346,4039917;1;ESPERANZA
13-06-2023;PA26;C08;CAT 797 B;Lastre Sulfurado;ESP/F07/2120/7290;FASE 7;BOT_2380_INT;346,4039917;1;ESPERANZA
13-06-2023;PA26;C10;CAT 797 B;Lastre Sulfurado;ESP/F07/2120/7290;FASE 7;BOT_2380_INT;346,4039917;1;ESPERANZA
13-06-2023;PA26;C11;CAT 797 B;Lastre Sulfurado;ESP/F07/2120/7290;FASE 7;BOT_2380_INT;346,4039917;1;ESPERANZA
13-06-2023;PA26;C12;CAT 797 B;Lastre Sulfurado;ESP/F07/2120/7290;FASE 7;BOT_2380_INT;692,8079834;2;ESPERANZA
13-06-2023;PA26;C12;CAT 797 B;Lastre Sulfurado;ESP/F07/2120/7290;FASE 7;BOT_RAMPA_SUPERIOR;346,4039917;1;ESPERANZA
13-06-2023;PA26;C15;CAT 797 B;Lastre Sulfurado;ESP/F07/2120/7290;FASE 7;BOT_2380_INT;692,8079834;2;ESPERANZA
13-06-2023;PA26;C16;CAT 797 B;Lastre Sulfurado;ESP/F07/2120/7290;FASE 7;BOT_2380_INT;1039,211975;3;ESPERANZA
13-06-2023;PA26;C160;CAT 793 F;Lastre Sulfurado;ESP/F07/2120/7290;FASE 7;BOT_2380_INT;216,4360046;1;ESPERANZA
13-06-2023;PA26;C18;CAT 797 F;Lastre Sulfurado;ESP/F07/2120/7290;FASE 7;BOT_2380_INT;1039,211975;3;ESPERANZA
13-06-2023;PA26;C19;CAT 797 F;Lastre Sulfurado;ESP/F07/2120/7290;FASE 7;BOT_2380_INT;692,8079834;2;ESPERANZA
13-06-2023;PA26;C25;CAT 797 F;Lastre Sulfurado;ESP/F07/2120/7290;FASE 7;BOT_2380_INT;346,4039917;1;ESPERANZA
13-06-2023;PA26;C32;CAT 797 F;Lastre Sulfurado;ESP/F07/2120/7290;FASE 7;BOT_2380_INT;346,4039917;1;ESPERANZA
13-06-2023;PA26;C34;CAT 797 F;Lastre Sulfurado;ESP/F07/2120/7290;FASE 7;BOT_2380_INT;346,4039917;1;ESPERANZA
13-06-2023;PA26;C37;CAT 797 F;Lastre Sulfurado;ESP/F07/2120/7290;FASE 7;BOT_2380_INT;346,4039917;1;ESPERANZA
13-06-2023;PA26;C40;CAT 797 F;Lastre Sulfurado;ESP/F07/2120/7290;FASE 7;BOT_2380_INT;346,4039917;1;ESPERANZA
13-06-2023;PA26;C41;CAT 797 F;Lastre Sulfurado;ESP/F07/2120/7290;FASE 7;BOT_2380_INT;346,4039917;1;ESPERANZA
13-06-2023;PA26;C43;CAT 797 F;Lastre Sulfurado;ESP/F07/2120/7290;FASE 7;BOT_2380_INT;346,4039917;1;ESPERANZA
13-06-2023;PA26;C44;CAT 797 F;Lastre Sulfurado;ESP/F07/2120/7290;FASE 7;BOT_2380_INT;692,8079834;2;ESPERANZA
13-06-2023;PA26;C45;CAT 797 F;Lastre Sulfurado;ESP/F07/2120/7290;FASE 7;BOT_2380_INT;346,4039917;1;ESPERANZA
13-06-2023;PA26;C46;CAT 797 F;Lastre Sulfurado;ESP/F07/2120/7290;FASE 7;BOT_2380_INT;692,8079834;2;ESPERANZA
13-06-2023;PA26;C47;CAT 797 F;Lastre Sulfurado;ESP/F07/2120/7290;FASE 7;BOT_2380_INT;1732,019958;5;ESPERANZA
13-06-2023;PA3;C14;CAT 797 B;Lastre Sulfurado;ESP/F07/2120/731;FASE 7;BOT_2380_INT;346,4039917;1;ESPERANZA
13-06-2023;PA3;C15;CAT 797 B;Lastre Sulfurado;ESP/F07/2120/731;FASE 7;BOT_2380_INT;692,8079834;2;ESPERANZA
13-06-2023;PA3;C159;CAT 793 F;Lastre Sulfurado;ESP/F07/2120/731;FASE 7;BOT_2380_INT;432,8729858;2;ESPERANZA
13-06-2023;PA3;C17;CAT 797 F;Lastre Sulfurado;ESP/F07/2120/731;FASE 7;BOT_2380_INT;692,8079834;2;ESPERANZA
13-06-2023;PA3;C18;CAT 797 F;Lastre Sulfurado;ESP/F07/2120/731;FASE 7;BOT_2380_INT;346,4039917;1;ESPERANZA
13-06-2023;PA3;C19;CAT 797 F;Lastre Sulfurado;ESP/F07/2120/731;FASE 7;BOT_2380_INT;692,8079834;2;ESPERANZA
13-06-2023;PA3;C20;CAT 797 F;Lastre Sulfurado;ESP/F07/2120/731;FASE 7;BOT_2380_INT;1039,211975;3;ESPERANZA
13-06-2023;PA3;C21;CAT 797 F;Lastre Sulfurado;ESP/F07/2120/731;FASE 7;BOT_2380_INT;692,8079834;2;ESPERANZA
13-06-2023;PA3;C22;CAT 797 F;Lastre Sulfurado;ESP/F07/2120/731;FASE 7;BOT_2380_INT;2078,427979;6;ESPERANZA
13-06-2023;PA3;C24;CAT 797 F;Lastre Sulfurado;ESP/F07/2120/731;FASE 7;BOT_2380_INT;692,8079834;2;ESPERANZA
13-06-2023;PA3;C25;CAT 797 F;Lastre Sulfurado;ESP/F07/2120/731;FASE 7;BOT_2380_INT;692,8079834;2;ESPERANZA
13-06-2023;PA3;C32;CAT 797 F;Lastre Sulfurado;ESP/F07/2120/731;FASE 7;BOT_2380_INT;1039,209961;3;ESPERANZA
13-06-2023;PA3;C34;CAT 797 F;Lastre Sulfurado;ESP/F07/2120/731;FASE 7;BOT_2380_INT;1385,615967;4;ESPERANZA
13-06-2023;PA3;C36;CAT 797 F;Lastre Sulfurado;ESP/F07/2120/731;FASE 7;BOT_2380_INT;1039,211975;3;ESPERANZA
13-06-2023;PA3;C37;CAT 797 F;Lastre Sulfurado;ESP/F07/2120/731;FASE 7;BOT_2380_INT;692,8079834;2;ESPERANZA
13-06-2023;PA3;C38;CAT 797 F;Lastre Sulfurado;ESP/F07/2120/731;FASE 7;BOT_2380_INT;1039,211975;3;ESPERANZA
13-06-2023;PA3;C39;CAT 797 F;Lastre Sulfurado;ESP/F07/2120/731;FASE 7;BOT_2380_INT;1385,615967;4;ESPERANZA
13-06-2023;PA3;C40;CAT 797 F;Lastre Sulfurado;ESP/F07/2120/731;FASE 7;BOT_2380_INT;1385,613953;4;ESPERANZA
13-06-2023;PA3;C42;CAT 797 F;Lastre Sulfurado;ESP/F07/2120/731;FASE 7;BOT_2380_INT;692,8079834;2;ESPERANZA
13-06-2023;PA3;C43;CAT 797 F;Lastre Sulfurado;ESP/F07/2120/731;FASE 7;BOT_2380_INT;692,8079834;2;ESPERANZA
13-06-2023;PA3;C44;CAT 797 F;Lastre Sulfurado;ESP/F07/2120/731;FASE 7;BOT_2380_INT;1385,619995;4;ESPERANZA
13-06-2023;PA3;C45;CAT 797 F;Lastre Sulfurado;ESP/F07/2120/731;FASE 7;BOT_2380_INT;1385,615967;4;ESPERANZA
13-06-2023;PA3;C46;CAT 797 F;Lastre Sulfurado;ESP/F07/2120/731;FASE 7;BOT_2380_INT;692,8079834;2;ESPERANZA
13-06-2023;PA3;C47;CAT 797 F;Lastre Sulfurado;ESP/F07/2120/731;FASE 7;BOT_2380_INT;1039,211975;3;ESPERANZA
13-06-2023;PA3;C48;CAT 797 F;Lastre Sulfurado;ESP/F07/2120/731;FASE 7;BOT_2380_INT;2078,424011;6;ESPERANZA
13-06-2023;PA3;C52;KOM 930 E;Lastre Sulfurado;ESP/F07/2120/731;FASE 7;BOT_2380_INT;291;1;ESPERANZA
13-06-2023;PA4;C08;CAT 797 B;Lastre Oxidado;ESP/F10/2328/130;FASE 10;BOT_CENTRAL_SUR_INF;346,4039917;1;ESPERANZA
13-06-2023;PA4;C09;CAT 797 B;Lastre Oxidado;ESP/F10/2328/130;FASE 10;BOT_CENTRAL_SUR_INF;1385,619995;4;ESPERANZA
13-06-2023;PA4;C10;CAT 797 B;Lastre Oxidado;ESP/F10/2328/130;FASE 10;BOT_CENTRAL_SUR_INF;346,4039917;1;ESPERANZA
13-06-2023;PA4;C11;CAT 797 B;Lastre Oxidado;ESP/F10/2328/130;FASE 10;BOT_CENTRAL_SUR_INF;346,4039917;1;ESPERANZA
13-06-2023;PA4;C123;CAT 793 C;Lastre Oxidado;ESP/F10/2328/129;FASE 10;BOT_CENTRAL_SUR_INF;1515,060059;7;ESPERANZA
13-06-2023;PA4;C123;CAT 793 C;Lastre Oxidado;ESP/F10/2328/130;FASE 10;BOT_CENTRAL_SUR_INF;1298,616058;6;ESPERANZA
13-06-2023;PA4;C128;CAT 793 C;Lastre Oxidado;ESP/F10/2328/129;FASE 10;BOT_CENTRAL_SUR_INF;649,309021;3;ESPERANZA
13-06-2023;PA4;C128;CAT 793 C;Lastre Oxidado;ESP/F10/2328/130;FASE 10;BOT_CENTRAL_SUR_INF;216,4360046;1;ESPERANZA
13-06-2023;PA4;C129;CAT 793 C;Lastre Oxidado;ESP/F10/2328/129;FASE 10;BOT_CENTRAL_SUR_INF;432,8729858;2;ESPERANZA
13-06-2023;PA4;C129;CAT 793 C;Lastre Oxidado;ESP/F10/2328/130;FASE 10;BOT_CENTRAL_SUR_INF;432,8720093;2;ESPERANZA
13-06-2023;PA4;C130;CAT 793 C;Lastre Oxidado;ESP/F10/2328/129;FASE 10;BOT_CENTRAL_SUR_INF;432,8729858;2;ESPERANZA
13-06-2023;PA4;C130;CAT 793 C;Lastre Oxidado;ESP/F10/2328/130;FASE 10;BOT_CENTRAL_SUR_INF;865,7459717;4;ESPERANZA
13-06-2023;PA4;C131;CAT 793 C;Lastre Oxidado;ESP/F10/2328/129;FASE 10;BOT_CENTRAL_SUR_INF;1298,619995;6;ESPERANZA
13-06-2023;PA4;C131;CAT 793 C;Lastre Oxidado;ESP/F10/2328/130;FASE 10;BOT_CENTRAL_SUR_INF;1082,182007;5;ESPERANZA
13-06-2023;PA4;C134;CAT 793 C;Lastre Oxidado;ESP/F10/2328/129;FASE 10;BOT_RAMPA_SUPERIOR;216,4360046;1;ESPERANZA
13-06-2023;PA4;C134;CAT 793 C;Lastre Oxidado;ESP/F10/2328/130;FASE 10;BOT_CENTRAL_SUR_INF;649,3089905;3;ESPERANZA
13-06-2023;PA4;C151;CAT 793 F;Lastre Oxidado;ESP/F10/2328/130;FASE 10;BOT_CENTRAL_SUR_INF;216,4360046;1;ESPERANZA
13-06-2023;PA4;C152;CAT 793 F;Lastre Oxidado;ESP/F10/2328/129;FASE 10;BOT_CENTRAL_SUR_INF;216,4360046;1;ESPERANZA
13-06-2023;PA4;C152;CAT 793 F;Lastre Oxidado;ESP/F10/2328/130;FASE 10;BOT_CENTRAL_SUR_INF;432,8729858;2;ESPERANZA
13-06-2023;PA4;C154;CAT 793 F;Lastre Oxidado;ESP/F10/2328/129;FASE 10;BOT_CENTRAL_SUR_INF;1515,054993;7;ESPERANZA
13-06-2023;PA4;C154;CAT 793 F;Lastre Oxidado;ESP/F10/2328/130;FASE 10;BOT_CENTRAL_SUR_INF;649,3089905;3;ESPERANZA
13-06-2023;PA4;C156;CAT 793 F;Lastre Oxidado;ESP/F10/2328/130;FASE 10;BOT_CENTRAL_SUR_INF;865,7459717;4;ESPERANZA
13-06-2023;PA4;C159;CAT 793 F;Lastre Oxidado;ESP/F10/2328/130;FASE 10;BOT_CENTRAL_SUR_INF;216,4360046;1;ESPERANZA
13-06-2023;PA4;C160;CAT 793 F;Lastre Oxidado;ESP/F10/2328/129;FASE 10;BOT_CENTRAL_SUR_INF;432,8729858;2;ESPERANZA
13-06-2023;PA4;C160;CAT 793 F;Lastre Oxidado;ESP/F10/2328/130;FASE 10;BOT_CENTRAL_SUR_INF;432,8729858;2;ESPERANZA
13-06-2023;PA4;C161;CAT 793 F;Lastre Oxidado;ESP/F10/2328/129;FASE 10;BOT_CENTRAL_SUR_INF;216,4360046;1;ESPERANZA
13-06-2023;PA4;C162;CAT 793 F;Lastre Oxidado;ESP/F10/2328/129;FASE 10;BOT_CENTRAL_SUR_INF;649,309021;3;ESPERANZA
13-06-2023;PA4;C162;CAT 793 F;Lastre Oxidado;ESP/F10/2328/130;FASE 10;BOT_CENTRAL_SUR_INF;216,4360046;1;ESPERANZA
13-06-2023;PA4;C163;CAT 793 F;Lastre Oxidado;ESP/F10/2328/129;FASE 10;BOT_CENTRAL_SUR_INF;649,309021;3;ESPERANZA
13-06-2023;PA4;C164;CAT 793 F;Lastre Oxidado;ESP/F10/2328/129;FASE 10;BOT_CENTRAL_SUR_INF;432,8729858;2;ESPERANZA
13-06-2023;PA4;C164;CAT 793 F;Lastre Oxidado;ESP/F10/2328/130;FASE 10;BOT_CENTRAL_SUR_INF;432,8729858;2;ESPERANZA
13-06-2023;PA4;C42;CAT 797 F;Lastre Oxidado;ESP/F10/2328/130;FASE 10;BOT_CENTRAL_SUR_INF;346,4039917;1;ESPERANZA
13-06-2023;PA4;C45;CAT 797 F;Lastre Oxidado;ESP/F10/2328/129;FASE 10;BOT_CENTRAL_SUR_INF;346,4039917;1;ESPERANZA
13-06-2023;PA4;C56;KOM 930 E;Lastre Oxidado;ESP/F10/2328/130;FASE 10;BOT_CENTRAL_SUR_INF;291;1;ESPERANZA
13-06-2023;PA4;C61;KOM 930 E;Lastre Oxidado;ESP/F10/2328/130;FASE 10;BOT_CENTRAL_SUR_INF;291;1;ESPERANZA
13-06-2023;PA6;C07;CAT 797 B;Lastre Sulfurado;ESP/F10/2296/1040;FASE 10;BOT_CENTRAL_SUR_INF;346,4039917;1;ESPERANZA
13-06-2023;PA6;C08;CAT 797 B;Lastre Sulfurado;ESP/F10/2296/1040;FASE 10;BOT_CENTRAL_SUR_INF;1385,615967;4;ESPERANZA
13-06-2023;PA6;C08;CAT 797 B;Lastre Sulfurado;ESP/F10/2296/1050;FASE 10;BOT_CENTRAL_SUR_INF;1039,209961;3;ESPERANZA
13-06-2023;PA6;C09;CAT 797 B;Lastre Sulfurado;ESP/F10/2296/1040;FASE 10;BOT_CENTRAL_SUR_INF;692,8079834;2;ESPERANZA
13-06-2023;PA6;C10;CAT 797 B;Lastre Sulfurado;ESP/F10/2296/1040;FASE 10;BOT_CENTRAL_SUR_INF;692,8079834;2;ESPERANZA
13-06-2023;PA6;C10;CAT 797 B;Lastre Sulfurado;ESP/F10/2296/1050;FASE 10;BOT_CENTRAL_SUR_INF;1039,209961;3;ESPERANZA
13-06-2023;PA6;C11;CAT 797 B;Lastre Sulfurado;ESP/F10/2296/1040;FASE 10;BOT_CENTRAL_SUR_INF;692,8079834;2;ESPERANZA
13-06-2023;PA6;C11;CAT 797 B;Lastre Sulfurado;ESP/F10/2296/1050;FASE 10;BOT_CENTRAL_SUR_INF;346,4039917;1;ESPERANZA
13-06-2023;PA6;C123;CAT 793 C;Lastre Sulfurado;ESP/F10/2296/1050;FASE 10;BOT_CENTRAL_SUR_INF;865,7449951;4;ESPERANZA
13-06-2023;PA6;C125;CAT 793 C;Lastre Sulfurado;ESP/F10/2296/1040;FASE 10;BOT_CENTRAL_SUR_INF;216,4360046;1;ESPERANZA
13-06-2023;PA6;C128;CAT 793 C;Lastre Sulfurado;ESP/F10/2296/1040;FASE 10;BOT_CENTRAL_SUR_INF;216,4360046;1;ESPERANZA
13-06-2023;PA6;C128;CAT 793 C;Lastre Sulfurado;ESP/F10/2296/1050;FASE 10;BOT_CENTRAL_SUR_INF;216,4360046;1;ESPERANZA
13-06-2023;PA6;C128;CAT 793 C;Lastre Sulfurado;ESP/F10/2296/1050;FASE 10;BOT_MIJO;216,4360046;1;ESPERANZA
13-06-2023;PA6;C129;CAT 793 C;Lastre Sulfurado;ESP/F10/2296/1050;FASE 10;BOT_CENTRAL_SUR_INF;865,7459717;4;ESPERANZA
13-06-2023;PA6;C130;CAT 793 C;Lastre Sulfurado;ESP/F10/2296/1040;FASE 10;BOT_CENTRAL_SUR_INF;432,8720093;2;ESPERANZA
13-06-2023;PA6;C130;CAT 793 C;Lastre Sulfurado;ESP/F10/2296/1050;FASE 10;BOT_CENTRAL_SUR_INF;865,7450256;4;ESPERANZA
13-06-2023;PA6;C131;CAT 793 C;Lastre Sulfurado;ESP/F10/2296/1050;FASE 10;BOT_CENTRAL_SUR_INF;1082,182007;5;ESPERANZA
13-06-2023;PA6;C134;CAT 793 C;Lastre Sulfurado;ESP/F10/2296/1050;FASE 10;BOT_CENTRAL_SUR_INF;432,8720093;2;ESPERANZA
13-06-2023;PA6;C151;CAT 793 F;Lastre Sulfurado;ESP/F10/2296/1050;FASE 10;BOT_CENTRAL_SUR_INF;649,309021;3;ESPERANZA
13-06-2023;PA6;C152;CAT 793 F;Lastre Sulfurado;ESP/F10/2296/1050;FASE 10;BOT_CENTRAL_SUR_INF;649,3089905;3;ESPERANZA
13-06-2023;PA6;C153;CAT 793 F;Lastre Sulfurado;ESP/F10/2296/1040;FASE 10;BOT_CENTRAL_SUR_INF;649,3089905;3;ESPERANZA
13-06-2023;PA6;C153;CAT 793 F;Lastre Sulfurado;ESP/F10/2296/1050;FASE 10;BOT_CENTRAL_SUR_INF;1731,489075;8;ESPERANZA
13-06-2023;PA6;C154;CAT 793 F;Lastre Sulfurado;ESP/F10/2296/1040;FASE 10;BOT_CENTRAL_SUR_INF;216,4360046;1;ESPERANZA
13-06-2023;PA6;C154;CAT 793 F;Lastre Sulfurado;ESP/F10/2296/1050;FASE 10;BOT_CENTRAL_SUR_INF;865,7450256;4;ESPERANZA
13-06-2023;PA6;C156;CAT 793 F;Lastre Sulfurado;ESP/F10/2296/1040;FASE 10;BOT_CENTRAL_SUR_INF;649,309021;3;ESPERANZA
13-06-2023;PA6;C156;CAT 793 F;Lastre Sulfurado;ESP/F10/2296/1050;FASE 10;BOT_CENTRAL_SUR_INF;649,3089905;3;ESPERANZA
13-06-2023;PA6;C159;CAT 793 F;Lastre Sulfurado;ESP/F10/2296/1040;FASE 10;BOT_CENTRAL_SUR_INF;216,4360046;1;ESPERANZA
13-06-2023;PA6;C159;CAT 793 F;Lastre Sulfurado;ESP/F10/2296/1050;FASE 10;BOT_CENTRAL_SUR_INF;1731,491943;8;ESPERANZA
13-06-2023;PA6;C16;CAT 797 B;Lastre Sulfurado;ESP/F10/2296/1040;FASE 10;BOT_CENTRAL_SUR_INF;1039,209961;3;ESPERANZA
13-06-2023;PA6;C160;CAT 793 F;Lastre Sulfurado;ESP/F10/2296/1040;FASE 10;BOT_CENTRAL_SUR_INF;432,8729858;2;ESPERANZA
13-06-2023;PA6;C160;CAT 793 F;Lastre Sulfurado;ESP/F10/2296/1050;FASE 10;BOT_CENTRAL_SUR_INF;1082,181976;5;ESPERANZA
13-06-2023;PA6;C161;CAT 793 F;Lastre Sulfurado;ESP/F10/2296/1050;FASE 10;BOT_CENTRAL_SUR_INF;432,8729858;2;ESPERANZA
13-06-2023;PA6;C162;CAT 793 F;Lastre Sulfurado;ESP/F10/2296/1050;FASE 10;BOT_CENTRAL_SUR_INF;1947,929016;9;ESPERANZA
13-06-2023;PA6;C163;CAT 793 F;Lastre Sulfurado;ESP/F10/2296/1050;FASE 10;BOT_CENTRAL_SUR_INF;865,7459717;4;ESPERANZA
13-06-2023;PA6;C164;CAT 793 F;Lastre Sulfurado;ESP/F10/2296/1040;FASE 10;BOT_CENTRAL_SUR_INF;216,4360046;1;ESPERANZA
13-06-2023;PA6;C164;CAT 793 F;Lastre Sulfurado;ESP/F10/2296/1050;FASE 10;BOT_CENTRAL_SUR_INF;649,3089905;3;ESPERANZA
13-06-2023;PA6;C17;CAT 797 F;Lastre Sulfurado;ESP/F10/2296/1040;FASE 10;BOT_CENTRAL_SUR_INF;1039,211975;3;ESPERANZA
13-06-2023;PA6;C18;CAT 797 F;Lastre Sulfurado;ESP/F10/2296/1040;FASE 10;BOT_CENTRAL_SUR_INF;1385,613953;4;ESPERANZA
13-06-2023;PA6;C18;CAT 797 F;Lastre Sulfurado;ESP/F10/2296/1040;FASE 10;BOT_MIJO;346,4039917;1;ESPERANZA
13-06-2023;PA6;C22;CAT 797 F;Lastre Sulfurado;ESP/F10/2296/1040;FASE 10;BOT_CENTRAL_SUR_INF;346,4039917;1;ESPERANZA
13-06-2023;PA6;C36;CAT 797 F;Lastre Sulfurado;ESP/F10/2296/1040;FASE 10;BOT_CENTRAL_SUR_INF;1385,619995;4;ESPERANZA
13-06-2023;PA6;C36;CAT 797 F;Lastre Sulfurado;ESP/F10/2296/1050;FASE 10;BOT_CENTRAL_SUR_INF;346,4039917;1;ESPERANZA
13-06-2023;PA6;C37;CAT 797 F;Lastre Sulfurado;ESP/F10/2296/1040;FASE 10;BOT_CENTRAL_SUR_INF;1732,017944;5;ESPERANZA
13-06-2023;PA6;C38;CAT 797 F;Lastre Sulfurado;ESP/F10/2296/1050;FASE 10;BOT_MIJO;346,4039917;1;ESPERANZA
13-06-2023;PA6;C42;CAT 797 F;Lastre Sulfurado;ESP/F10/2296/1040;FASE 10;BOT_CENTRAL_SUR_INF;346,4039917;1;ESPERANZA
13-06-2023;PA6;C45;CAT 797 F;Lastre Sulfurado;ESP/F10/2296/1040;FASE 10;BOT_CENTRAL_SUR_INF;1039,209961;3;ESPERANZA
13-06-2023;PA6;C50;KOM 930 E;Lastre Sulfurado;ESP/F10/2296/1040;FASE 10;BOT_CENTRAL_SUR_INF;1164;4;ESPERANZA
13-06-2023;PA6;C52;KOM 930 E;Lastre Sulfurado;ESP/F10/2296/1050;FASE 10;BOT_CENTRAL_SUR_INF;291;1;ESPERANZA
13-06-2023;PA6;C55;KOM 930 E;Lastre Sulfurado;ESP/F10/2296/1050;FASE 10;BOT_CENTRAL_SUR_INF;582;2;ESPERANZA
13-06-2023;PA6;C60;KOM 930 E;Lastre Sulfurado;ESP/F10/2296/1040;FASE 10;BOT_CENTRAL_SUR_INF;291;1;ESPERANZA
13-06-2023;PA6;C61;KOM 930 E;Lastre Sulfurado;ESP/F10/2296/1040;FASE 10;BOT_CENTRAL_SUR_INF;291;1;ESPERANZA
13-06-2023;PA7;C07;CAT 797 B;Lastre Oxidado;ESP/F07/2120/735;FASE 7;BOT_2380_INT;346,4039917;1;ESPERANZA
13-06-2023;PA7;C07;CAT 797 B;Lastre Oxidado;ESP/F07/2120/735;FASE 7;BOT_MIJO;346,4039917;1;ESPERANZA
13-06-2023;PA7;C07;CAT 797 B;Lastre Sulfurado;ESP/F07/2104/708;FASE 7;BOT_2380_INT;346,4039917;1;ESPERANZA
13-06-2023;PA7;C08;CAT 797 B;Lastre Oxidado;ESP/F07/2120/735;FASE 7;BOT_2380_INT;346,4039917;1;ESPERANZA
13-06-2023;PA7;C08;CAT 797 B;Lastre Sulfurado;ESP/F07/2104/708;FASE 7;BOT_2380_INT;346,4039917;1;ESPERANZA
13-06-2023;PA7;C09;CAT 797 B;Lastre Oxidado;ESP/F07/2120/735;FASE 7;BOT_2380_INT;692,8079834;2;ESPERANZA
13-06-2023;PA7;C09;CAT 797 B;Lastre Oxidado;ESP/F07/2120/735;FASE 7;BOT_MIJO;346,4039917;1;ESPERANZA
13-06-2023;PA7;C10;CAT 797 B;Lastre Sulfurado;ESP/F07/2104/708;FASE 7;BOT_2380_INT;1039,211975;3;ESPERANZA
13-06-2023;PA7;C11;CAT 797 B;Lastre Oxidado;ESP/F07/2120/735;FASE 7;BOT_2380_INT;692,8079834;2;ESPERANZA
13-06-2023;PA7;C11;CAT 797 B;Lastre Sulfurado;ESP/F07/2104/708;FASE 7;BOT_2380_INT;346,4039917;1;ESPERANZA
13-06-2023;PA7;C12;CAT 797 B;Lastre Oxidado;ESP/F07/2120/735;FASE 7;BOT_2380_INT;692,8079834;2;ESPERANZA
13-06-2023;PA7;C12;CAT 797 B;Lastre Sulfurado;ESP/F07/2104/708;FASE 7;BOT_2380_INT;346,4039917;1;ESPERANZA
13-06-2023;PA7;C14;CAT 797 B;Lastre Sulfurado;ESP/F07/2104/708;FASE 7;BOT_2380_INT;1039,211975;3;ESPERANZA
13-06-2023;PA7;C15;CAT 797 B;Lastre Sulfurado;ESP/F07/2104/708;FASE 7;BOT_2380_INT;692,8079834;2;ESPERANZA
13-06-2023;PA7;C16;CAT 797 B;Lastre Oxidado;ESP/F07/2120/735;FASE 7;BOT_2380_INT;1039,211975;3;ESPERANZA
13-06-2023;PA7;C16;CAT 797 B;Lastre Sulfurado;ESP/F07/2104/708;FASE 7;BOT_2380_INT;1732,017944;5;ESPERANZA
13-06-2023;PA7;C17;CAT 797 F;Lastre Oxidado;ESP/F07/2120/735;FASE 7;BOT_2380_INT;692,8079834;2;ESPERANZA
13-06-2023;PA7;C17;CAT 797 F;Lastre Sulfurado;ESP/F07/2104/708;FASE 7;BOT_2380_INT;1039,211975;3;ESPERANZA
13-06-2023;PA7;C18;CAT 797 F;Lastre Oxidado;ESP/F07/2120/735;FASE 7;BOT_2380_INT;346,4039917;1;ESPERANZA
13-06-2023;PA7;C18;CAT 797 F;Lastre Sulfurado;ESP/F07/2104/708;FASE 7;BOT_2380_INT;1385,615967;4;ESPERANZA
13-06-2023;PA7;C19;CAT 797 F;Lastre Sulfurado;ESP/F07/2104/708;FASE 7;BOT_2380_INT;692,8079834;2;ESPERANZA
13-06-2023;PA7;C20;CAT 797 F;Lastre Sulfurado;ESP/F07/2104/708;FASE 7;BOT_2380_INT;346,4039917;1;ESPERANZA
13-06-2023;PA7;C21;CAT 797 F;Lastre Sulfurado;ESP/F07/2104/708;FASE 7;BOT_2380_INT;346,4039917;1;ESPERANZA
13-06-2023;PA7;C22;CAT 797 F;Lastre Sulfurado;ESP/F07/2104/708;FASE 7;BOT_2380_INT;692,8079834;2;ESPERANZA
13-06-2023;PA7;C23;CAT 797 F;Lastre Oxidado;ESP/F07/2120/735;FASE 7;BOT_2380_INT;1039,211975;3;ESPERANZA
13-06-2023;PA7;C23;CAT 797 F;Lastre Sulfurado;ESP/F07/2104/708;FASE 7;BOT_2380_INT;346,4039917;1;ESPERANZA
13-06-2023;PA7;C24;CAT 797 F;Lastre Oxidado;ESP/F07/2120/735;FASE 7;BOT_2380_INT;692,8079834;2;ESPERANZA
13-06-2023;PA7;C24;CAT 797 F;Lastre Sulfurado;ESP/F07/2104/708;FASE 7;BOT_2380_INT;692,8079834;2;ESPERANZA
13-06-2023;PA7;C25;CAT 797 F;Lastre Sulfurado;ESP/F07/2104/708;FASE 7;BOT_2380_INT;1385,615967;4;ESPERANZA
13-06-2023;PA7;C32;CAT 797 F;Lastre Sulfurado;ESP/F07/2104/708;FASE 7;BOT_2380_INT;2424,825928;7;ESPERANZA
13-06-2023;PA7;C34;CAT 797 F;Lastre Oxidado;ESP/F07/2120/735;FASE 7;BOT_2380_INT;1039,211975;3;ESPERANZA
13-06-2023;PA7;C34;CAT 797 F;Lastre Sulfurado;ESP/F07/2104/708;FASE 7;BOT_2380_INT;346,4039917;1;ESPERANZA
13-06-2023;PA7;C36;CAT 797 F;Lastre Sulfurado;ESP/F07/2104/708;FASE 7;BOT_2380_INT;1039,211975;3;ESPERANZA
13-06-2023;PA7;C37;CAT 797 F;Lastre Oxidado;ESP/F07/2120/735;FASE 7;BOT_2380_INT;346,4039917;1;ESPERANZA
13-06-2023;PA7;C37;CAT 797 F;Lastre Sulfurado;ESP/F07/2104/708;FASE 7;BOT_2380_INT;1385,613953;4;ESPERANZA
13-06-2023;PA7;C38;CAT 797 F;Lastre Oxidado;ESP/F07/2120/735;FASE 7;BOT_2380_INT;1039,211975;3;ESPERANZA
13-06-2023;PA7;C38;CAT 797 F;Lastre Sulfurado;ESP/F07/2104/708;FASE 7;BOT_2380_INT;692,8079834;2;ESPERANZA
13-06-2023;PA7;C39;CAT 797 F;Lastre Oxidado;ESP/F07/2120/735;FASE 7;BOT_2380_INT;346,4039917;1;ESPERANZA
13-06-2023;PA7;C39;CAT 797 F;Lastre Sulfurado;ESP/F07/2104/708;FASE 7;BOT_2380_INT;1732,017944;5;ESPERANZA
13-06-2023;PA7;C40;CAT 797 F;Lastre Sulfurado;ESP/F07/2104/708;FASE 7;BOT_2380_INT;1385,613953;4;ESPERANZA
13-06-2023;PA7;C41;CAT 797 F;Lastre Oxidado;ESP/F07/2120/735;FASE 7;BOT_2380_INT;346,4039917;1;ESPERANZA
13-06-2023;PA7;C41;CAT 797 F;Lastre Sulfurado;ESP/F07/2104/708;FASE 7;BOT_2380_INT;1385,613953;4;ESPERANZA
13-06-2023;PA7;C42;CAT 797 F;Lastre Oxidado;ESP/F07/2120/735;FASE 7;BOT_2380_INT;346,4039917;1;ESPERANZA
13-06-2023;PA7;C42;CAT 797 F;Lastre Sulfurado;ESP/F07/2104/708;FASE 7;BOT_2380_INT;1732,017944;5;ESPERANZA
13-06-2023;PA7;C43;CAT 797 F;Lastre Oxidado;ESP/F07/2120/735;FASE 7;BOT_2380_INT;1385,613953;4;ESPERANZA
13-06-2023;PA7;C43;CAT 797 F;Lastre Sulfurado;ESP/F07/2104/708;FASE 7;BOT_2380_INT;1039,211975;3;ESPERANZA
13-06-2023;PA7;C44;CAT 797 F;Lastre Sulfurado;ESP/F07/2104/708;FASE 7;BOT_2380_INT;2424,827942;7;ESPERANZA
13-06-2023;PA7;C45;CAT 797 F;Lastre Oxidado;ESP/F07/2120/735;FASE 7;BOT_2380_INT;1039,211975;3;ESPERANZA
13-06-2023;PA7;C45;CAT 797 F;Lastre Sulfurado;ESP/F07/2104/708;FASE 7;BOT_2380_INT;1385,615967;4;ESPERANZA
13-06-2023;PA7;C46;CAT 797 F;Lastre Oxidado;ESP/F07/2120/735;FASE 7;BOT_2380_INT;1039,211975;3;ESPERANZA
13-06-2023;PA7;C46;CAT 797 F;Lastre Sulfurado;ESP/F07/2104/708;FASE 7;BOT_2380_INT;2078,421936;6;ESPERANZA
13-06-2023;PA7;C47;CAT 797 F;Lastre Oxidado;ESP/F07/2120/735;FASE 7;BOT_2380_INT;1039,211975;3;ESPERANZA
13-06-2023;PA7;C47;CAT 797 F;Lastre Sulfurado;ESP/F07/2104/708;FASE 7;BOT_2380_INT;692,8079834;2;ESPERANZA
13-06-2023;PA7;C48;CAT 797 F;Lastre Sulfurado;ESP/F07/2104/708;FASE 7;BOT_2380_INT;346,4039917;1;ESPERANZA
13-06-2023;PATH01;C701;LIEBHERR 264 ;LASTRE (LAS);LLA/F01/2295/103;F01 LLA;BOT_TSS;12702;58;LLANO
13-06-2023;PATH01;C701;LIEBHERR 264 ;LASTRE (LAS);LLA/F01/2295/104;F01 LLA;BOT_TSS;24090;110;LLANO
13-06-2023;PATH01;C701;LIEBHERR 264 ;LASTRE (LAS);LLA/F01/2295/105;F01 LLA;BOT_TSS;7665;35;LLANO
13-06-2023;PATH01;C701;LIEBHERR 264 ;LASTRE (LAS);LLA/F01/2295/106;F01 LLA;BOT_TSS;3285;15;LLANO
13-06-2023;PATH01;C701;LIEBHERR 264 ;LASTRE (LAS);LLA/F01/2310/1052;F01 LLA;BOT_TSS;25404;116;LLANO
13-06-2023;PATH01;C701;LIEBHERR 264 ;LASTRE (LAS);LLA/F02/2302.5/209;F02 LLA;BOT_TSS;7665;35;LLANO
13-06-2023;PATH01;C702;LIEBHERR 264 ;LASTRE (LAS);LLA/F01/2295/104;F01 LLA;BOT_TSS;7884;36;LLANO
13-06-2023;PATH01;C702;LIEBHERR 264 ;LASTRE (LAS);LLA/F01/2295/106;F01 LLA;BOT_TSS;23214;106;LLANO
13-06-2023;PATH01;C702;LIEBHERR 264 ;LASTRE (LAS);LLA/F01/2310/1052;F01 LLA;BOT_TSS;47742;218;LLANO
13-06-2023;PATH01;C702;LIEBHERR 264 ;LASTRE (LAS);LLA/F02/2302.5/210;F02 LLA;BOT_TSS;22995;105;LLANO
13-06-2023;PATH01;C793OXE;CAT 793 OXE;L21;04_2376_455;FASE 04 ENC;BOT_2400_1;92400;420;ENCUENTRO
13-06-2023;PATH01;C793OXE;CAT 793 OXE;Mineral Sulfuro Primario(PRI);OXE/F04/2144/413;FASE 04 ENC;MOD G;60720;276;ENCUENTRO
13-06-2023;PATH01;C793OXE;CAT 793 OXE;OBR;MOD_D_REM;ENCUENTRO OXE;CHANCADO-ENCUENTRO;11220;51;ENCUENTRO
13-06-2023;PATH01;C793OXE;CAT 793 OXE;OBR;MOD_F_REM;ENCUENTRO OXE;CHANCADO-ENCUENTRO;5500;25;ENCUENTRO
13-06-2023;PATH01;C793OXE;CAT 793 OXE;OXIDO BAJA LEY (OXBL);OXE/F04/2160/419;FASE 04 ENC;CHANCADO-ENCUENTRO;4180;19;ENCUENTRO
13-06-2023;PATH01;C793OXE;CAT 793 OXE;OXIDO BAJA LEY (OXBL);OXE/F04/2160/419;FASE 04 ENC;MOD E;5500;25;ENCUENTRO
13-06-2023;PATH01;C793OXE;CAT 793 OXE;OXIDO MARGINAL (OXMAR);OXE/F04/2144/413;FASE 04 ENC;STOCK _MARGINAL_ESTE;13420;61;ENCUENTRO