Fecha;Carguio;Camión;Flota;Material;Origen;Zona;Destino;Tonelaje;Ciclos;Rajo
30-06-2023;CF2;C125;CAT 793 C;Sulfuro de Alta Ley;ESP/F08/1752/8100;FASE 8;CHANCADO-SULFURO;216,4360046;1;ESPERANZA
30-06-2023;CF2;C130;CAT 793 C;Sulfuro de Alta Ley;ESP/F08/1752/8100;FASE 8;CHANCADO-SULFURO;865,7449951;4;ESPERANZA
30-06-2023;CF2;C131;CAT 793 C;Sulfuro Planta;ESP/F08/1768/R800;FASE 8;CHANCADO-SULFURO;865,7459717;4;ESPERANZA
30-06-2023;CF2;C153;CAT 793 F;Sulfuro Planta;ESP/F08/1768/R800;FASE 8;CHANCADO-SULFURO;432,8729858;2;ESPERANZA
30-06-2023;CF2;C156;CAT 793 F;Sulfuro de Alta Ley;ESP/F08/1752/810;FASE 8;CHANCADO-SULFURO;649,3089905;3;ESPERANZA
30-06-2023;CF2;C156;CAT 793 F;Sulfuro de Alta Ley;ESP/F08/1752/8100;FASE 8;CHANCADO-SULFURO;216,4360046;1;ESPERANZA
30-06-2023;CF2;C156;CAT 793 F;Sulfuro Planta;ESP/F08/1768/R800;FASE 8;CHANCADO-SULFURO;649,309021;3;ESPERANZA
30-06-2023;CF2;C161;CAT 793 F;Sulfuro Planta;ESP/F08/1768/R800;FASE 8;CHANCADO-SULFURO;216,4360046;1;ESPERANZA
30-06-2023;CF2;C162;CAT 793 F;Sulfuro Planta;ESP/F08/1768/R800;FASE 8;CHANCADO-SULFURO;216,4360046;1;ESPERANZA
30-06-2023;CF2;C163;CAT 793 F;Sulfuro de Alta Ley;ESP/F08/1752/810;FASE 8;STOCK_SAL_DIN;216,4360046;1;ESPERANZA
30-06-2023;CF2;C163;CAT 793 F;Sulfuro Planta;ESP/F08/1768/R800;FASE 8;CHANCADO-SULFURO;649,309021;3;ESPERANZA
30-06-2023;CF2;C25;CAT 797 F;Sulfuro de Alta Ley;ESP/F08/1752/8100;FASE 8;CHANCADO-SULFURO;692,8079834;2;ESPERANZA
30-06-2023;CF2;C36;CAT 797 F;Sulfuro de Alta Ley;ESP/F08/1752/810;FASE 8;CHANCADO-SULFURO;346,4039917;1;ESPERANZA
30-06-2023;CF2;C48;CAT 797 F;Sulfuro de Alta Ley;ESP/F08/1752/810;FASE 8;CHANCADO-SULFURO;346,4039917;1;ESPERANZA
30-06-2023;CF2;C49;KOM 930 E;Sulfuro de Alta Ley;ESP/F08/1752/810;FASE 8;CHANCADO-SULFURO;582;2;ESPERANZA
30-06-2023;CF2;C50;KOM 930 E;Sulfuro de Alta Ley;ESP/F08/1752/810;FASE 8;CHANCADO-SULFURO;291;1;ESPERANZA
30-06-2023;CF2;C50;KOM 930 E;Sulfuro de Alta Ley;ESP/F08/1752/8100;FASE 8;CHANCADO-SULFURO;582;2;ESPERANZA
30-06-2023;CF2;C50;KOM 930 E;Sulfuro de Media;ESP/F08/1752/810;FASE 8;CHANCADO-SULFURO;291;1;ESPERANZA
30-06-2023;CF2;C51;KOM 930 E;Sulfuro de Alta Ley;ESP/F08/1752/810;FASE 8;CHANCADO-SULFURO;291;1;ESPERANZA
30-06-2023;CF2;C51;KOM 930 E;Sulfuro de Alta Ley;ESP/F08/1752/8100;FASE 8;CHANCADO-SULFURO;873;3;ESPERANZA
30-06-2023;CF2;C55;KOM 930 E;Lastre Sulfurado;ESP/F08/1752/810;FASE 8;BOT_MIJO;291;1;ESPERANZA
30-06-2023;CF2;C55;KOM 930 E;Sulfuro de Alta Ley;ESP/F08/1752/810;FASE 8;CHANCADO-SULFURO;291;1;ESPERANZA
30-06-2023;CF2;C55;KOM 930 E;Sulfuro de Alta Ley;ESP/F08/1752/8100;FASE 8;CHANCADO-SULFURO;582;2;ESPERANZA
30-06-2023;CF2;C56;KOM 930 E;Sulfuro de Alta Ley;ESP/F08/1752/810;FASE 8;CHANCADO-SULFURO;582;2;ESPERANZA
30-06-2023;CF2;C56;KOM 930 E;Sulfuro de Alta Ley;ESP/F08/1752/8100;FASE 8;CHANCADO-SULFURO;1164;4;ESPERANZA
30-06-2023;CF2;C56;KOM 930 E;Sulfuro de Media;ESP/F08/1752/810;FASE 8;CHANCADO-SULFURO;291;1;ESPERANZA
30-06-2023;CF2;C57;KOM 930 E;Sulfuro de Alta Ley;ESP/F08/1752/810;FASE 8;CHANCADO-SULFURO;291;1;ESPERANZA
30-06-2023;CF2;C57;KOM 930 E;Sulfuro de Media;ESP/F08/1752/810;FASE 8;CHANCADO-SULFURO;291;1;ESPERANZA
30-06-2023;CF2;C58;KOM 930 E;Sulfuro de Alta Ley;ESP/F08/1752/810;FASE 8;CHANCADO-SULFURO;291;1;ESPERANZA
30-06-2023;CF2;C58;KOM 930 E;Sulfuro de Alta Ley;ESP/F08/1752/810;FASE 8;STOCK_SAL_DIN;291;1;ESPERANZA
30-06-2023;CF2;C58;KOM 930 E;Sulfuro de Alta Ley;ESP/F08/1752/8100;FASE 8;CHANCADO-SULFURO;1164;4;ESPERANZA
30-06-2023;CF2;C59;KOM 930 E;Sulfuro de Media;ESP/F08/1752/810;FASE 8;CHANCADO-SULFURO;291;1;ESPERANZA
30-06-2023;CF2;C60;KOM 930 E;Sulfuro de Alta Ley;ESP/F08/1752/810;FASE 8;CHANCADO-SULFURO;582;2;ESPERANZA
30-06-2023;CF2;C60;KOM 930 E;Sulfuro de Alta Ley;ESP/F08/1752/8100;FASE 8;CHANCADO-SULFURO;582;2;ESPERANZA
30-06-2023;CF2;C61;KOM 930 E;Sulfuro de Media;ESP/F08/1752/810;FASE 8;CHANCADO-SULFURO;291;1;ESPERANZA
30-06-2023;CF203;C123;CAT 793 C;Marginal;STM-02;OXIDO;CHANCADO-OXIDO;865,7459717;4;TESORO
30-06-2023;CF203;C132;CAT 793 C;Marginal;STM-02;OXIDO;CHANCADO-OXIDO;1082,181976;5;TESORO
30-06-2023;CF203;C134;CAT 793 C;Marginal;STM-02;OXIDO;CHANCADO-OXIDO;216,4360046;1;TESORO
30-06-2023;CF203;C135;CAT 793 C;Marginal;STM-02;OXIDO;CHANCADO-OXIDO;1515,054993;7;TESORO
30-06-2023;CF203;C154;CAT 793 F;Marginal;STM-02;OXIDO;CHANCADO-OXIDO;865,7459717;4;TESORO
30-06-2023;CF231;C121;CAT 793 C;Marginal;STM-02;OXIDO;CHANCADO-OXIDO;1082,181976;5;TESORO
30-06-2023;CF231;C123;CAT 793 C;Marginal;STM-02;OXIDO;CHANCADO-OXIDO;4112,29599;19;TESORO
30-06-2023;CF231;C132;CAT 793 C;Marginal;STM-02;OXIDO;CHANCADO-OXIDO;7358,835907;34;TESORO
30-06-2023;CF231;C134;CAT 793 C;Marginal;STM-02;OXIDO;CHANCADO-OXIDO;216,4360046;1;TESORO
30-06-2023;CF231;C135;CAT 793 C;Marginal;STM-02;OXIDO;CHANCADO-OXIDO;6709,525848;31;TESORO
30-06-2023;CF231;C154;CAT 793 F;Marginal;STM-02;OXIDO;CHANCADO-OXIDO;1298,619995;6;TESORO
30-06-2023;CF231;C154;CAT 793 F;Marginal;STM-02;OXIDO;STM-02;216,4360046;1;TESORO
30-06-2023;CF231;C155;CAT 793 F;Marginal;STM-02;OXIDO;CHANCADO-OXIDO;649,309021;3;TESORO
30-06-2023;CF231;C155;CAT 793 F;Marginal;STM-02;OXIDO;STM-02;216,4360046;1;TESORO
30-06-2023;CF232;C154;CAT 793 F;Sulfuro Baja Ley;ESP/F08/1768/R800;FASE 8;CHANCADO-SULFURO;649,309021;3;ESPERANZA
30-06-2023;CF232;C154;CAT 793 F;Sulfuro de Alta Ley;ESP/F08/1752/810;FASE 8;CHANCADO-SULFURO;216,4360046;1;ESPERANZA
30-06-2023;CF232;C160;CAT 793 F;Sulfuro de Alta Ley;ESP/F08/1752/810;FASE 8;CHANCADO-SULFURO;432,8729858;2;ESPERANZA
30-06-2023;CF232;C161;CAT 793 F;Sulfuro Baja Ley;ESP/F08/1768/R800;FASE 8;CHANCADO-SULFURO;216,4360046;1;ESPERANZA
30-06-2023;CF232;C162;CAT 793 F;Sulfuro de Alta Ley;ESP/F08/1752/810;FASE 8;CHANCADO-SULFURO;432,8729858;2;ESPERANZA
30-06-2023;CF232;C162;CAT 793 F;Sulfuro de Alta Ley;ESP/F08/1752/810;FASE 8;STOCK_SAL_DIN;216,4360046;1;ESPERANZA
30-06-2023;CF232;C163;CAT 793 F;Sulfuro Baja Ley;ESP/F08/1768/R800;FASE 8;CHANCADO-SULFURO;216,4360046;1;ESPERANZA
30-06-2023;CF232;C163;CAT 793 F;Sulfuro de Alta Ley;ESP/F08/1752/810;FASE 8;STOCK_SAL_DIN;216,4360046;1;ESPERANZA
30-06-2023;CF233;C121;CAT 793 C;Lastre Oxidado;ESP/F10/2296/1060;FASE 10;BOT_MIJO;216,4360046;1;ESPERANZA
30-06-2023;CF233;C121;CAT 793 C;Sulfuro de Media;STOCK_SME;ESPERANZA;CHANCADO-SULFURO;216,9600067;1;ESPERANZA
30-06-2023;CF233;C122;CAT 793 C;Lastre Sulfurado;ESP/F10/2312/1290;FASE 10;BOT_MIJO;1298,618958;6;ESPERANZA
30-06-2023;CF233;C122;CAT 793 C;Sulfuro de Media;STOCK_SME;ESPERANZA;CHANCADO-SULFURO;216,9600067;1;ESPERANZA
30-06-2023;CF233;C125;CAT 793 C;Lastre Sulfurado;ESP/F10/2312/1290;FASE 10;BOT_MIJO;649,3089905;3;ESPERANZA
30-06-2023;CF233;C125;CAT 793 C;Sulfuro de Media;STOCK_SME;ESPERANZA;CHANCADO-SULFURO;216,9600067;1;ESPERANZA
30-06-2023;CF233;C128;CAT 793 C;Lastre Oxidado;ESP/F10/2296/1060;FASE 10;BOT_MIJO;216,4360046;1;ESPERANZA
30-06-2023;CF233;C128;CAT 793 C;Lastre Sulfurado;ESP/F10/2312/1290;FASE 10;BOT_MIJO;649,3089905;3;ESPERANZA
30-06-2023;CF233;C128;CAT 793 C;Sulfuro de Media;STOCK_SME;ESPERANZA;CHANCADO-SULFURO;433,92099;2;ESPERANZA
30-06-2023;CF233;C129;CAT 793 C;Lastre Sulfurado;ESP/F10/2312/1290;FASE 10;BOT_MIJO;865,7459717;4;ESPERANZA
30-06-2023;CF233;C129;CAT 793 C;Sulfuro de Media;STOCK_SME;ESPERANZA;CHANCADO-SULFURO;650,8809814;3;ESPERANZA
30-06-2023;CF233;C130;CAT 793 C;Sulfuro de Media;STOCK_SME;ESPERANZA;CHANCADO-SULFURO;650,8809814;3;ESPERANZA
30-06-2023;CF233;C131;CAT 793 C;Sulfuro de Media;STOCK_SME;ESPERANZA;CHANCADO-SULFURO;216,9600067;1;ESPERANZA
30-06-2023;CF233;C134;CAT 793 C;Lastre Sulfurado;ESP/F10/2312/1290;FASE 10;BOT_MIJO;4112,295074;19;ESPERANZA
30-06-2023;CF233;C134;CAT 793 C;Sulfuro de Media;STOCK_SME;ESPERANZA;CHANCADO-SULFURO;433,92099;2;ESPERANZA
30-06-2023;CF233;C135;CAT 793 C;Lastre Sulfurado;ESP/F10/2312/1290;FASE 10;BOT_MIJO;216,4360046;1;ESPERANZA
30-06-2023;CF233;C151;CAT 793 F;Lastre Sulfurado;ESP/F10/2312/1290;FASE 10;BOT_MIJO;1731,48999;8;ESPERANZA
30-06-2023;CF233;C151;CAT 793 F;Sulfuro de Media;STOCK_SME;ESPERANZA;CHANCADO-SULFURO;650,8809814;3;ESPERANZA
30-06-2023;CF233;C153;CAT 793 F;Lastre Sulfurado;ESP/F10/2312/1290;FASE 10;BOT_MIJO;865,7459717;4;ESPERANZA
30-06-2023;CF233;C153;CAT 793 F;Sulfuro de Media;STOCK_SME;ESPERANZA;CHANCADO-SULFURO;867,84198;4;ESPERANZA
30-06-2023;CF233;C154;CAT 793 F;Lastre Sulfurado;ESP/F10/2312/1290;FASE 10;BOT_MIJO;432,8729858;2;ESPERANZA
30-06-2023;CF233;C159;CAT 793 F;Lastre Oxidado;ESP/F10/2296/1060;FASE 10;BOT_MIJO;216,4360046;1;ESPERANZA
30-06-2023;CF233;C159;CAT 793 F;Lastre Oxidado;ESP/F10/2328/135;FASE 10;BOT_MIJO;216,4360046;1;ESPERANZA
30-06-2023;CF233;C159;CAT 793 F;Lastre Sulfurado;ESP/F10/2312/1290;FASE 10;BOT_MIJO;865,7449951;4;ESPERANZA
30-06-2023;CF233;C159;CAT 793 F;Sulfuro de Media;STOCK_SME;ESPERANZA;CHANCADO-SULFURO;1518,721039;7;ESPERANZA
30-06-2023;CF233;C160;CAT 793 F;Lastre Oxidado;ESP/F10/2328/135;FASE 10;BOT_MIJO;1082,180054;5;ESPERANZA
30-06-2023;CF233;C160;CAT 793 F;Lastre Sulfurado;ESP/F10/2312/1290;FASE 10;BOT_MIJO;865,7459717;4;ESPERANZA
30-06-2023;CF233;C160;CAT 793 F;Sulfuro de Media;STOCK_SME;ESPERANZA;CHANCADO-SULFURO;650,8809814;3;ESPERANZA
30-06-2023;CF233;C161;CAT 793 F;Lastre Sulfurado;ESP/F10/2312/1290;FASE 10;BOT_MIJO;432,8720093;2;ESPERANZA
30-06-2023;CF233;C161;CAT 793 F;Sulfuro de Media;STOCK_SME;ESPERANZA;CHANCADO-SULFURO;433,92099;2;ESPERANZA
30-06-2023;CF233;C162;CAT 793 F;Lastre Sulfurado;ESP/F10/2312/1290;FASE 10;BOT_MIJO;649,309021;3;ESPERANZA
30-06-2023;CF233;C163;CAT 793 F;Lastre Sulfurado;ESP/F10/2312/1290;FASE 10;BOT_MIJO;2164,360107;10;ESPERANZA
30-06-2023;CF233;C163;CAT 793 F;Sulfuro de Media;STOCK_SME;ESPERANZA;CHANCADO-SULFURO;216,9600067;1;ESPERANZA
30-06-2023;CF233;C164;CAT 793 F;Lastre Sulfurado;ESP/F10/2312/1290;FASE 10;BOT_MIJO;1515,060059;7;ESPERANZA
30-06-2023;CF234;C121;CAT 793 C;Lastre Oxidado;ESP/F10/2328/135;FASE 10;BOT_MIJO;216,4360046;1;ESPERANZA
30-06-2023;CF234;C121;CAT 793 C;Sulfuro Baja Ley;STOCK_SBL_ESS;ESPERANZA_SUR;CHANCADO-SULFURO;2820,481995;13;ESPERANZA_SUR
30-06-2023;CF234;C121;CAT 793 C;Sulfuro de Media;STOCK_SME;ESPERANZA;CHANCADO-SULFURO;867,8409882;4;ESPERANZA
30-06-2023;CF234;C122;CAT 793 C;Sulfuro de Media;STOCK_SME;ESPERANZA;CHANCADO-SULFURO;433,9200134;2;ESPERANZA
30-06-2023;CF234;C125;CAT 793 C;Sulfuro de Media;STOCK_SME;ESPERANZA;CHANCADO-SULFURO;1518,719971;7;ESPERANZA
30-06-2023;CF234;C128;CAT 793 C;Sulfuro de Media;STOCK_SME;ESPERANZA;CHANCADO-SULFURO;650,8809814;3;ESPERANZA
30-06-2023;CF234;C129;CAT 793 C;Sulfuro de Media;STOCK_SME;ESPERANZA;CHANCADO-SULFURO;433,92099;2;ESPERANZA
30-06-2023;CF234;C130;CAT 793 C;Lastre Oxidado;ESP/F10/2328/135;FASE 10;BOT_MIJO;216,4360046;1;ESPERANZA
30-06-2023;CF234;C130;CAT 793 C;Sulfuro Baja Ley;STOCK_SBL_ESS;ESPERANZA_SUR;CHANCADO-SULFURO;216,9600067;1;ESPERANZA_SUR
30-06-2023;CF234;C130;CAT 793 C;Sulfuro de Media;STOCK_SME;ESPERANZA;CHANCADO-SULFURO;1301,761978;6;ESPERANZA
30-06-2023;CF234;C131;CAT 793 C;Sulfuro Baja Ley;STOCK_SBL_ESS;ESPERANZA_SUR;CHANCADO-SULFURO;1952,640015;9;ESPERANZA_SUR
30-06-2023;CF234;C131;CAT 793 C;Sulfuro de Media;STOCK_SME;ESPERANZA;CHANCADO-SULFURO;650,8809967;3;ESPERANZA
30-06-2023;CF234;C134;CAT 793 C;Sulfuro de Media;STOCK_SME;ESPERANZA;CHANCADO-SULFURO;216,9600067;1;ESPERANZA
30-06-2023;CF234;C151;CAT 793 F;Sulfuro Baja Ley;STOCK_SBL_ESS;ESPERANZA_SUR;CHANCADO-SULFURO;1952,642944;9;ESPERANZA_SUR
30-06-2023;CF234;C151;CAT 793 F;Sulfuro de Media;STOCK_SME;ESPERANZA;CHANCADO-SULFURO;867,8409882;4;ESPERANZA
30-06-2023;CF234;C153;CAT 793 F;Lastre Oxidado;ESP/F10/2328/135;FASE 10;BOT_MIJO;216,4360046;1;ESPERANZA
30-06-2023;CF234;C153;CAT 793 F;Sulfuro Baja Ley;STOCK_SBL_ESS;ESPERANZA_SUR;CHANCADO-SULFURO;1301,76001;6;ESPERANZA_SUR
30-06-2023;CF234;C153;CAT 793 F;Sulfuro de Media;STOCK_SME;ESPERANZA;CHANCADO-SULFURO;433,9200134;2;ESPERANZA
30-06-2023;CF234;C154;CAT 793 F;Lastre Oxidado;ESP/F10/2328/135;FASE 10;BOT_MIJO;216,4360046;1;ESPERANZA
30-06-2023;CF234;C154;CAT 793 F;Sulfuro de Media;STOCK_SME;ESPERANZA;CHANCADO-SULFURO;216,9600067;1;ESPERANZA
30-06-2023;CF234;C156;CAT 793 F;Lastre Oxidado;ESP/F10/2328/135;FASE 10;BOT_MIJO;216,4360046;1;ESPERANZA
30-06-2023;CF234;C156;CAT 793 F;Sulfuro Baja Ley;STOCK_SBL_ESS;ESPERANZA_SUR;CHANCADO-SULFURO;1301,761978;6;ESPERANZA_SUR
30-06-2023;CF234;C159;CAT 793 F;Sulfuro de Media;STOCK_SME;ESPERANZA;CHANCADO-SULFURO;1301,761978;6;ESPERANZA
30-06-2023;CF234;C160;CAT 793 F;Lastre Oxidado;ESP/F10/2328/135;FASE 10;BOT_MIJO;649,3089905;3;ESPERANZA
30-06-2023;CF234;C160;CAT 793 F;Sulfuro Baja Ley;STOCK_SBL_ESS;ESPERANZA_SUR;CHANCADO-SULFURO;1735,682953;8;ESPERANZA_SUR
30-06-2023;CF234;C160;CAT 793 F;Sulfuro de Media;STOCK_SME;ESPERANZA;CHANCADO-SULFURO;1301,76001;6;ESPERANZA
30-06-2023;CF234;C161;CAT 793 F;Sulfuro Baja Ley;STOCK_SBL_ESS;ESPERANZA_SUR;CHANCADO-SULFURO;2386,560059;11;ESPERANZA_SUR
30-06-2023;CF234;C161;CAT 793 F;Sulfuro de Media;STOCK_SME;ESPERANZA;CHANCADO-SULFURO;650,8809967;3;ESPERANZA
30-06-2023;CF234;C163;CAT 793 F;Sulfuro de Media;STOCK_SME;ESPERANZA;CHANCADO-SULFURO;216,9600067;1;ESPERANZA
30-06-2023;CF4;C980AHSESPS;Kom 980 AHS;Lastre Oxidado;ESS/F03/2200/310;F03 ESPSUR;BOTADERO_2021;28080;78;ESPERANZA_SUR
30-06-2023;CF4;C980AHSESPS;Kom 980 AHS;Lastre Oxidado;ESS/F03/2216/3234;F03 ESPSUR;BOTADERO_2021;5760;16;ESPERANZA_SUR
30-06-2023;CF4;C980AHSESPS;Kom 980 AHS;Oxido;ESS/F03/2200/310;F03 ESPSUR;PLATAFORMA_ESS;13320;37;ESPERANZA_SUR
30-06-2023;PA1;C07;CAT 797 B;Lastre Sulfurado;ESP/F07/2104/706;FASE 7;BOT_MIJO;3117,638062;9;ESPERANZA
30-06-2023;PA1;C08;CAT 797 B;Lastre Sulfurado;ESP/F07/2104/706;FASE 7;BOT_MIJO;1385,615967;4;ESPERANZA
30-06-2023;PA1;C09;CAT 797 B;Lastre Sulfurado;ESP/F07/2104/706;FASE 7;BOT_MIJO;2078,424011;6;ESPERANZA
30-06-2023;PA1;C10;CAT 797 B;Lastre Sulfurado;ESP/F07/2104/706;FASE 7;BOT_MIJO;1732,017944;5;ESPERANZA
30-06-2023;PA1;C11;CAT 797 B;Lastre Sulfurado;ESP/F07/2104/706;FASE 7;BOT_MIJO;1385,613953;4;ESPERANZA
30-06-2023;PA1;C12;CAT 797 B;Lastre Sulfurado;ESP/F07/2104/706;FASE 7;BOT_MIJO;692,8079834;2;ESPERANZA
30-06-2023;PA1;C122;CAT 793 C;Lastre Sulfurado;ESP/F07/2104/706;FASE 7;BOT_2380_INT;216,4360046;1;ESPERANZA
30-06-2023;PA1;C125;CAT 793 C;Lastre Sulfurado;ESP/F07/2104/706;FASE 7;BOT_MIJO;216,4360046;1;ESPERANZA
30-06-2023;PA1;C13;CAT 797 B;Lastre Sulfurado;ESP/F07/2104/706;FASE 7;BOT_2380_INT;346,4039917;1;ESPERANZA
30-06-2023;PA1;C13;CAT 797 B;Lastre Sulfurado;ESP/F07/2104/706;FASE 7;BOT_MIJO;2771,235962;8;ESPERANZA
30-06-2023;PA1;C131;CAT 793 C;Lastre Sulfurado;ESP/F07/2104/706;FASE 7;BOT_MIJO;432,8729858;2;ESPERANZA
30-06-2023;PA1;C14;CAT 797 B;Lastre Sulfurado;ESP/F07/2104/706;FASE 7;BOT_MIJO;692,8079834;2;ESPERANZA
30-06-2023;PA1;C156;CAT 793 F;Lastre Sulfurado;ESP/F07/2104/706;FASE 7;BOT_MIJO;216,4360046;1;ESPERANZA
30-06-2023;PA1;C16;CAT 797 B;Lastre Sulfurado;ESP/F07/2104/706;FASE 7;BOT_2380_INT;346,4039917;1;ESPERANZA
30-06-2023;PA1;C16;CAT 797 B;Lastre Sulfurado;ESP/F07/2104/706;FASE 7;BOT_MIJO;2078,427979;6;ESPERANZA
30-06-2023;PA1;C17;CAT 797 F;Lastre Sulfurado;ESP/F07/2104/706;FASE 7;BOT_MIJO;692,8079834;2;ESPERANZA
30-06-2023;PA1;C19;CAT 797 F;Lastre Sulfurado;ESP/F07/2104/706;FASE 7;BOT_MIJO;1732,017944;5;ESPERANZA
30-06-2023;PA1;C20;CAT 797 F;Lastre Sulfurado;ESP/F07/2104/706;FASE 7;BOT_MIJO;1039,211975;3;ESPERANZA
30-06-2023;PA1;C21;CAT 797 F;Lastre Sulfurado;ESP/F07/2104/706;FASE 7;BOT_MIJO;1039,211975;3;ESPERANZA
30-06-2023;PA1;C22;CAT 797 F;Lastre Sulfurado;ESP/F07/2104/706;FASE 7;BOT_MIJO;692,8079834;2;ESPERANZA
30-06-2023;PA1;C32;CAT 797 F;Lastre Sulfurado;ESP/F07/2104/706;FASE 7;BOT_MIJO;346,4039917;1;ESPERANZA
30-06-2023;PA1;C34;CAT 797 F;Lastre Sulfurado;ESP/F07/2104/706;FASE 7;BOT_MIJO;692,8079834;2;ESPERANZA
30-06-2023;PA1;C36;CAT 797 F;Lastre Sulfurado;ESP/F07/2104/706;FASE 7;BOT_MIJO;346,4039917;1;ESPERANZA
30-06-2023;PA1;C37;CAT 797 F;Lastre Sulfurado;ESP/F07/2104/706;FASE 7;BOT_MIJO;692,8079834;2;ESPERANZA
30-06-2023;PA1;C39;CAT 797 F;Lastre Sulfurado;ESP/F07/2104/706;FASE 7;BOT_MIJO;346,4039917;1;ESPERANZA
30-06-2023;PA1;C40;CAT 797 F;Lastre Sulfurado;ESP/F07/2104/706;FASE 7;BOT_MIJO;692,8079834;2;ESPERANZA
30-06-2023;PA1;C41;CAT 797 F;Lastre Sulfurado;ESP/F07/2104/706;FASE 7;BOT_MIJO;1039,211975;3;ESPERANZA
30-06-2023;PA1;C42;CAT 797 F;Lastre Sulfurado;ESP/F07/2104/706;FASE 7;BOT_MIJO;2078,427979;6;ESPERANZA
30-06-2023;PA1;C43;CAT 797 F;Lastre Sulfurado;ESP/F07/2104/706;FASE 7;BOT_2380_INT;346,4039917;1;ESPERANZA
30-06-2023;PA1;C43;CAT 797 F;Lastre Sulfurado;ESP/F07/2104/706;FASE 7;BOT_MIJO;346,4039917;1;ESPERANZA
30-06-2023;PA1;C44;CAT 797 F;Lastre Sulfurado;ESP/F07/2104/706;FASE 7;BOT_MIJO;1039,209961;3;ESPERANZA
30-06-2023;PA1;C45;CAT 797 F;Lastre Sulfurado;ESP/F07/2104/706;FASE 7;BOT_MIJO;692,8079834;2;ESPERANZA
30-06-2023;PA1;C46;CAT 797 F;Lastre Sulfurado;ESP/F07/2104/706;FASE 7;BOT_MIJO;692,8079834;2;ESPERANZA
30-06-2023;PA1;C47;CAT 797 F;Lastre Sulfurado;ESP/F07/2104/706;FASE 7;BOT_MIJO;692,8079834;2;ESPERANZA
30-06-2023;PA1;C48;CAT 797 F;Lastre Sulfurado;ESP/F07/2104/706;FASE 7;BOT_MIJO;692,8079834;2;ESPERANZA
30-06-2023;PA1;C49;KOM 930 E;Lastre Sulfurado;ESP/F07/2104/706;FASE 7;BOT_MIJO;291;1;ESPERANZA
30-06-2023;PA1;C51;KOM 930 E;Lastre Sulfurado;ESP/F07/2104/706;FASE 7;BOT_MIJO;291;1;ESPERANZA
30-06-2023;PA1;C55;KOM 930 E;Lastre Sulfurado;ESP/F07/2104/706;FASE 7;BOT_MIJO;291;1;ESPERANZA
30-06-2023;PA1;C59;KOM 930 E;Lastre Sulfurado;ESP/F07/2104/706;FASE 7;BOT_MIJO;291;1;ESPERANZA
30-06-2023;PA10;C980AHSESPS;Kom 980 AHS;Lastre Oxidado;ESS/F03/2216/3234;F03 ESPSUR;BOTADERO_2021;31680;88;ESPERANZA_SUR
30-06-2023;PA10;C980AHSESPS;Kom 980 AHS;Lastre Sulfurado;ESS/F03/2248/340;F03 ESPSUR;BOTADERO_2021;9000;25;ESPERANZA_SUR
30-06-2023;PA11;C980AHSESPS;Kom 980 AHS;Lastre Oxidado;ESS/F03/2216/324;F03 ESPSUR;BOTADERO_2021;48960;136;ESPERANZA_SUR
30-06-2023;PA11;C980AHSESPS;Kom 980 AHS;Sulfuro de Media;ESS/F02/2104/2080;F02 ESPSUR;STOCK_SME_ESS;8640;24;ESPERANZA_SUR
30-06-2023;PA2;C07;CAT 797 B;Lastre Sulfurado;ESP/F08/1752/810;FASE 8;BOT_MIJO;346,4039917;1;ESPERANZA
30-06-2023;PA2;C11;CAT 797 B;Lastre Sulfurado;ESP/F08/1752/810;FASE 8;BOT_MIJO;692,8079834;2;ESPERANZA
30-06-2023;PA2;C11;CAT 797 B;Sulfuro de Media;ESP/F08/1752/810;FASE 8;CHANCADO-SULFURO;1732,019958;5;ESPERANZA
30-06-2023;PA2;C12;CAT 797 B;Sulfuro de Media;ESP/F08/1752/810;FASE 8;CHANCADO-SULFURO;346,4039917;1;ESPERANZA
30-06-2023;PA2;C122;CAT 793 C;Lastre Sulfurado;ESP/F08/1752/810;FASE 8;BOT_MIJO;216,4360046;1;ESPERANZA
30-06-2023;PA2;C122;CAT 793 C;Sulfuro de Media;ESP/F08/1752/810;FASE 8;CHANCADO-SULFURO;432,8729858;2;ESPERANZA
30-06-2023;PA2;C14;CAT 797 B;Sulfuro de Media;ESP/F08/1752/810;FASE 8;CHANCADO-SULFURO;2078,427979;6;ESPERANZA
30-06-2023;PA2;C153;CAT 793 F;Lastre Sulfurado;ESP/F08/1752/810;FASE 8;BOT_MIJO;432,8729858;2;ESPERANZA
30-06-2023;PA2;C154;CAT 793 F;Sulfuro de Media;ESP/F08/1752/810;FASE 8;CHANCADO-SULFURO;216,4360046;1;ESPERANZA
30-06-2023;PA2;C156;CAT 793 F;Sulfuro de Media;ESP/F08/1752/810;FASE 8;CHANCADO-SULFURO;649,309021;3;ESPERANZA
30-06-2023;PA2;C161;CAT 793 F;Sulfuro de Media;ESP/F08/1752/810;FASE 8;CHANCADO-SULFURO;432,8729858;2;ESPERANZA
30-06-2023;PA2;C162;CAT 793 F;Sulfuro de Media;ESP/F08/1752/810;FASE 8;CHANCADO-SULFURO;216,4360046;1;ESPERANZA
30-06-2023;PA2;C21;CAT 797 F;Lastre Sulfurado;ESP/F08/1752/810;FASE 8;BOT_MIJO;692,8079834;2;ESPERANZA
30-06-2023;PA2;C21;CAT 797 F;Sulfuro de Media;ESP/F08/1752/810;FASE 8;CHANCADO-SULFURO;692,8079834;2;ESPERANZA
30-06-2023;PA2;C22;CAT 797 F;Sulfuro de Media;ESP/F08/1752/810;FASE 8;CHANCADO-SULFURO;1039,211975;3;ESPERANZA
30-06-2023;PA2;C25;CAT 797 F;Lastre Sulfurado;ESP/F08/1752/810;FASE 8;BOT_MIJO;1385,615967;4;ESPERANZA
30-06-2023;PA2;C25;CAT 797 F;Sulfuro de Media;ESP/F08/1752/810;FASE 8;CHANCADO-SULFURO;1385,615967;4;ESPERANZA
30-06-2023;PA2;C32;CAT 797 F;Lastre Sulfurado;ESP/F08/1752/810;FASE 8;BOT_MIJO;692,8079834;2;ESPERANZA
30-06-2023;PA2;C32;CAT 797 F;Sulfuro de Media;ESP/F08/1752/810;FASE 8;CHANCADO-SULFURO;346,4039917;1;ESPERANZA
30-06-2023;PA2;C34;CAT 797 F;Lastre Sulfurado;ESP/F08/1752/810;FASE 8;BOT_MIJO;346,4039917;1;ESPERANZA
30-06-2023;PA2;C34;CAT 797 F;Sulfuro de Media;ESP/F08/1752/810;FASE 8;CHANCADO-SULFURO;692,8079834;2;ESPERANZA
30-06-2023;PA2;C36;CAT 797 F;Sulfuro de Media;ESP/F08/1752/810;FASE 8;CHANCADO-SULFURO;692,8079834;2;ESPERANZA
30-06-2023;PA2;C40;CAT 797 F;Lastre Sulfurado;ESP/F08/1752/810;FASE 8;BOT_MIJO;692,8079834;2;ESPERANZA
30-06-2023;PA2;C40;CAT 797 F;Sulfuro de Media;ESP/F08/1752/810;FASE 8;CHANCADO-SULFURO;1039,211975;3;ESPERANZA
30-06-2023;PA2;C48;CAT 797 F;Lastre Sulfurado;ESP/F08/1752/810;FASE 8;BOT_MIJO;692,8079834;2;ESPERANZA
30-06-2023;PA2;C48;CAT 797 F;Sulfuro de Media;ESP/F08/1752/810;FASE 8;CHANCADO-SULFURO;1039,211975;3;ESPERANZA
30-06-2023;PA2;C49;KOM 930 E;Lastre Sulfurado;ESP/F08/1752/810;FASE 8;BOT_MIJO;291;1;ESPERANZA
30-06-2023;PA2;C49;KOM 930 E;Sulfuro de Media;ESP/F08/1752/810;FASE 8;CHANCADO-SULFURO;4365;15;ESPERANZA
30-06-2023;PA2;C49;KOM 930 E;Sulfuro de Media;ESP/F08/1752/810;FASE 8;STOCK_SME1;291;1;ESPERANZA
30-06-2023;PA2;C49;KOM 930 E;Sulfuro de Media;ESP/F08/1768/8080;FASE 8;STOCK_SME;291;1;ESPERANZA
30-06-2023;PA2;C50;KOM 930 E;Lastre Sulfurado;ESP/F08/1752/810;FASE 8;BOT_MIJO;873;3;ESPERANZA
30-06-2023;PA2;C50;KOM 930 E;Sulfuro de Media;ESP/F08/1752/810;FASE 8;CHANCADO-SULFURO;2910;10;ESPERANZA
30-06-2023;PA2;C50;KOM 930 E;Sulfuro de Media;ESP/F08/1752/810;FASE 8;STOCK_SME1;291;1;ESPERANZA
30-06-2023;PA2;C51;KOM 930 E;Lastre Sulfurado;ESP/F08/1752/810;FASE 8;BOT_MIJO;582;2;ESPERANZA
30-06-2023;PA2;C51;KOM 930 E;Sulfuro de Media;ESP/F08/1752/810;FASE 8;CHANCADO-SULFURO;1164;4;ESPERANZA
30-06-2023;PA2;C51;KOM 930 E;Sulfuro de Media;ESP/F08/1752/810;FASE 8;STOCK_SME;291;1;ESPERANZA
30-06-2023;PA2;C52;KOM 930 E;Lastre Sulfurado;ESP/F08/1752/810;FASE 8;BOT_MIJO;1164;4;ESPERANZA
30-06-2023;PA2;C52;KOM 930 E;Sulfuro de Media;ESP/F08/1752/810;FASE 8;CHANCADO-SULFURO;1746;6;ESPERANZA
30-06-2023;PA2;C53;KOM 930 E;Lastre Sulfurado;ESP/F08/1752/810;FASE 8;BOT_MIJO;1455;5;ESPERANZA
30-06-2023;PA2;C53;KOM 930 E;Sulfuro de Media;ESP/F08/1752/810;FASE 8;CHANCADO-SULFURO;3783;13;ESPERANZA
30-06-2023;PA2;C53;KOM 930 E;Sulfuro de Media;ESP/F08/1752/810;FASE 8;STOCK_SME1;291;1;ESPERANZA
30-06-2023;PA2;C54;KOM 930 E;Lastre Sulfurado;ESP/F08/1752/810;FASE 8;BOT_MIJO;1164;4;ESPERANZA
30-06-2023;PA2;C54;KOM 930 E;Sulfuro de Media;ESP/F08/1752/810;FASE 8;CHANCADO-SULFURO;3783;13;ESPERANZA
30-06-2023;PA2;C54;KOM 930 E;Sulfuro de Media;ESP/F08/1752/810;FASE 8;STOCK_SME1;291;1;ESPERANZA
30-06-2023;PA2;C55;KOM 930 E;Lastre Sulfurado;ESP/F08/1752/810;FASE 8;BOT_MIJO;873;3;ESPERANZA
30-06-2023;PA2;C55;KOM 930 E;Sulfuro de Media;ESP/F08/1752/810;FASE 8;CHANCADO-SULFURO;2328;8;ESPERANZA
30-06-2023;PA2;C55;KOM 930 E;Sulfuro de Media;ESP/F08/1752/810;FASE 8;STOCK_SPL_DIN;291;1;ESPERANZA
30-06-2023;PA2;C55;KOM 930 E;Sulfuro de Media;ESP/F08/1768/8080;FASE 8;STOCK_SME;291;1;ESPERANZA
30-06-2023;PA2;C56;KOM 930 E;Lastre Sulfurado;ESP/F08/1752/810;FASE 8;BOT_MIJO;582;2;ESPERANZA
30-06-2023;PA2;C56;KOM 930 E;Sulfuro de Media;ESP/F08/1752/810;FASE 8;CHANCADO-SULFURO;2619;9;ESPERANZA
30-06-2023;PA2;C57;KOM 930 E;Lastre Sulfurado;ESP/F08/1752/810;FASE 8;BOT_MIJO;1164;4;ESPERANZA
30-06-2023;PA2;C57;KOM 930 E;Sulfuro de Media;ESP/F08/1752/810;FASE 8;CHANCADO-SULFURO;4947;17;ESPERANZA
30-06-2023;PA2;C57;KOM 930 E;Sulfuro de Media;ESP/F08/1752/810;FASE 8;STOCK_SME;291;1;ESPERANZA
30-06-2023;PA2;C57;KOM 930 E;Sulfuro de Media;ESP/F08/1752/810;FASE 8;STOCK_SME1;291;1;ESPERANZA
30-06-2023;PA2;C58;KOM 930 E;Lastre Sulfurado;ESP/F08/1752/810;FASE 8;BOT_MIJO;873;3;ESPERANZA
30-06-2023;PA2;C58;KOM 930 E;Sulfuro de Media;ESP/F08/1752/810;FASE 8;CHANCADO-SULFURO;2037;7;ESPERANZA
30-06-2023;PA2;C58;KOM 930 E;Sulfuro de Media;ESP/F08/1752/810;FASE 8;STOCK_SME1;291;1;ESPERANZA
30-06-2023;PA2;C59;KOM 930 E;Lastre Sulfurado;ESP/F08/1752/810;FASE 8;BOT_MIJO;873;3;ESPERANZA
30-06-2023;PA2;C59;KOM 930 E;Sulfuro de Media;ESP/F08/1752/810;FASE 8;CHANCADO-SULFURO;3201;11;ESPERANZA
30-06-2023;PA2;C59;KOM 930 E;Sulfuro de Media;ESP/F08/1752/810;FASE 8;STOCK_SME1;291;1;ESPERANZA
30-06-2023;PA2;C60;KOM 930 E;Lastre Sulfurado;ESP/F08/1752/810;FASE 8;BOT_MIJO;873;3;ESPERANZA
30-06-2023;PA2;C60;KOM 930 E;Sulfuro de Media;ESP/F08/1752/810;FASE 8;CHANCADO-SULFURO;4947;17;ESPERANZA
30-06-2023;PA2;C61;KOM 930 E;Lastre Sulfurado;ESP/F08/1752/810;FASE 8;BOT_MIJO;873;3;ESPERANZA
30-06-2023;PA2;C61;KOM 930 E;Sulfuro de Media;ESP/F08/1752/810;FASE 8;CHANCADO-SULFURO;3492;12;ESPERANZA
30-06-2023;PA2;C61;KOM 930 E;Sulfuro de Media;ESP/F08/1752/810;FASE 8;STOCK_SME;582;2;ESPERANZA
30-06-2023;PA2;C61;KOM 930 E;Sulfuro de Media;ESP/F08/1752/810;FASE 8;STOCK_SME1;291;1;ESPERANZA
30-06-2023;PA211;C122;CAT 793 C;Lastre Oxidado;ESP/F10/2296/1060;FASE 10;BOT_MIJO;649,309021;3;ESPERANZA
30-06-2023;PA211;C125;CAT 793 C;Lastre Oxidado;ESP/F10/2296/1060;FASE 10;BOT_MIJO;1298,619995;6;ESPERANZA
30-06-2023;PA211;C128;CAT 793 C;Lastre Oxidado;ESP/F10/2296/1060;FASE 10;BOT_MIJO;1082,181976;5;ESPERANZA
30-06-2023;PA211;C129;CAT 793 C;Lastre Oxidado;ESP/F10/2296/1060;FASE 10;BOT_MIJO;1298,619995;6;ESPERANZA
30-06-2023;PA211;C135;CAT 793 C;Lastre Oxidado;ESP/F10/2296/1060;FASE 10;BOT_MIJO;216,4360046;1;ESPERANZA
30-06-2023;PA211;C151;CAT 793 F;Lastre Oxidado;ESP/F10/2296/1060;FASE 10;BOT_MIJO;1298,619995;6;ESPERANZA
30-06-2023;PA211;C159;CAT 793 F;Lastre Oxidado;ESP/F10/2296/1060;FASE 10;BOT_MIJO;216,4360046;1;ESPERANZA
30-06-2023;PA211;C163;CAT 793 F;Lastre Oxidado;ESP/F10/2296/1060;FASE 10;BOT_MIJO;649,309021;3;ESPERANZA
30-06-2023;PA211;C59;KOM 930 E;Lastre Oxidado;ESP/F10/2296/1060;FASE 10;BOT_MIJO;582;2;ESPERANZA
30-06-2023;PA26;C125;CAT 793 C;Lastre Oxidado;DERRAMES_F07;FASE 7;BOT_MIJO;1298,619995;6;ESPERANZA
30-06-2023;PA26;C128;CAT 793 C;Lastre Oxidado;DERRAMES_F07;FASE 7;BOT_MIJO;216,4360046;1;ESPERANZA
30-06-2023;PA26;C130;CAT 793 C;Lastre Oxidado;DERRAMES_F07;FASE 7;BOT_MIJO;865,7449951;4;ESPERANZA
30-06-2023;PA26;C131;CAT 793 C;Lastre Oxidado;DERRAMES_F07;FASE 7;BOT_MIJO;216,4360046;1;ESPERANZA
30-06-2023;PA26;C156;CAT 793 F;Lastre Oxidado;DERRAMES_F07;FASE 7;BOT_MIJO;432,8720093;2;ESPERANZA
30-06-2023;PA26;C159;CAT 793 F;Lastre Oxidado;DERRAMES_F07;FASE 7;BOT_MIJO;1947,930054;9;ESPERANZA
30-06-2023;PA26;C161;CAT 793 F;Lastre Oxidado;DERRAMES_F07;FASE 7;BOT_MIJO;865,7459717;4;ESPERANZA
30-06-2023;PA26;C61;KOM 930 E;Lastre Oxidado;DERRAMES_F07;FASE 7;BOT_MIJO;291;1;ESPERANZA
30-06-2023;PA3;C07;CAT 797 B;Lastre Sulfurado;ESP/F07/2104/715;FASE 7;BOT_2380_INT;2078,427979;6;ESPERANZA
30-06-2023;PA3;C08;CAT 797 B;Lastre Sulfurado;ESP/F07/2104/715;FASE 7;BOT_2380_INT;1385,615967;4;ESPERANZA
30-06-2023;PA3;C09;CAT 797 B;Lastre Sulfurado;ESP/F07/2104/715;FASE 7;BOT_2380_INT;4503,26001;13;ESPERANZA
30-06-2023;PA3;C10;CAT 797 B;Lastre Sulfurado;ESP/F07/2104/715;FASE 7;BOT_2380_INT;2771,231995;8;ESPERANZA
30-06-2023;PA3;C11;CAT 797 B;Lastre Sulfurado;ESP/F07/2104/715;FASE 7;BOT_2380_INT;346,4039917;1;ESPERANZA
30-06-2023;PA3;C12;CAT 797 B;Lastre Sulfurado;ESP/F07/2104/715;FASE 7;BOT_2380_INT;3117,631897;9;ESPERANZA
30-06-2023;PA3;C121;CAT 793 C;Lastre Sulfurado;ESP/F07/2104/715;FASE 7;BOT_2380_INT;216,4360046;1;ESPERANZA
30-06-2023;PA3;C122;CAT 793 C;Lastre Sulfurado;ESP/F07/2104/715;FASE 7;BOT_2380_INT;216,4360046;1;ESPERANZA
30-06-2023;PA3;C125;CAT 793 C;Lastre Sulfurado;ESP/F07/2104/715;FASE 7;BOT_2380_INT;216,4360046;1;ESPERANZA
30-06-2023;PA3;C13;CAT 797 B;Lastre Sulfurado;ESP/F07/2104/715;FASE 7;BOT_2380_INT;2771,233948;8;ESPERANZA
30-06-2023;PA3;C14;CAT 797 B;Lastre Sulfurado;ESP/F07/2104/715;FASE 7;BOT_2380_INT;2771,233948;8;ESPERANZA
30-06-2023;PA3;C15;CAT 797 B;Lastre Sulfurado;ESP/F07/2104/715;FASE 7;BOT_2380_INT;2424,829956;7;ESPERANZA
30-06-2023;PA3;C16;CAT 797 B;Lastre Sulfurado;ESP/F07/2104/715;FASE 7;BOT_2380_INT;2424,83197;7;ESPERANZA
30-06-2023;PA3;C164;CAT 793 F;Lastre Sulfurado;ESP/F07/2104/715;FASE 7;BOT_PLATAFORMA;216,4360046;1;ESPERANZA
30-06-2023;PA3;C17;CAT 797 F;Lastre Sulfurado;ESP/F07/2104/715;FASE 7;BOT_2380_INT;1385,615967;4;ESPERANZA
30-06-2023;PA3;C18;CAT 797 F;Lastre Sulfurado;ESP/F07/2104/715;FASE 7;BOT_2380_INT;3117,635986;9;ESPERANZA
30-06-2023;PA3;C19;CAT 797 F;Lastre Sulfurado;ESP/F07/2104/715;FASE 7;BOT_2380_INT;4503,254089;13;ESPERANZA
30-06-2023;PA3;C20;CAT 797 F;Lastre Sulfurado;ESP/F07/2104/715;FASE 7;BOT_2380_INT;2771,231995;8;ESPERANZA
30-06-2023;PA3;C21;CAT 797 F;Lastre Sulfurado;ESP/F07/2104/715;FASE 7;BOT_2380_INT;3810,444031;11;ESPERANZA
30-06-2023;PA3;C22;CAT 797 F;Lastre Sulfurado;ESP/F07/2104/715;FASE 7;BOT_2380_INT;2771,227905;8;ESPERANZA
30-06-2023;PA3;C24;CAT 797 F;Lastre Sulfurado;ESP/F07/2104/715;FASE 7;BOT_2380_INT;4849,660034;14;ESPERANZA
30-06-2023;PA3;C25;CAT 797 F;Lastre Sulfurado;ESP/F07/2104/715;FASE 7;BOT_2380_INT;1039,209961;3;ESPERANZA
30-06-2023;PA3;C32;CAT 797 F;Lastre Sulfurado;ESP/F07/2104/715;FASE 7;BOT_2380_INT;3117,633972;9;ESPERANZA
30-06-2023;PA3;C32;CAT 797 F;Lastre Sulfurado;ESP/F07/2104/715;FASE 7;BOT_MIJO;346,4039917;1;ESPERANZA
30-06-2023;PA3;C34;CAT 797 F;Lastre Sulfurado;ESP/F07/2104/715;FASE 7;BOT_2380_INT;2424,83197;7;ESPERANZA
30-06-2023;PA3;C36;CAT 797 F;Lastre Oxidado;ESP/F07/2104/709;FASE 7;BOT_2380_INT;346,4039917;1;ESPERANZA
30-06-2023;PA3;C36;CAT 797 F;Lastre Sulfurado;ESP/F07/2104/715;FASE 7;BOT_2380_INT;2424,829956;7;ESPERANZA
30-06-2023;PA3;C37;CAT 797 F;Lastre Sulfurado;ESP/F07/2104/715;FASE 7;BOT_2380_INT;2078,427979;6;ESPERANZA
30-06-2023;PA3;C37;CAT 797 F;Lastre Sulfurado;ESP/F07/2104/715;FASE 7;BOT_MIJO;346,4039917;1;ESPERANZA
30-06-2023;PA3;C38;CAT 797 F;Lastre Sulfurado;ESP/F07/2104/715;FASE 7;BOT_2380_INT;3810,449951;11;ESPERANZA
30-06-2023;PA3;C39;CAT 797 F;Lastre Sulfurado;ESP/F07/2104/715;FASE 7;BOT_2380_INT;346,4039917;1;ESPERANZA
30-06-2023;PA3;C40;CAT 797 F;Lastre Sulfurado;ESP/F07/2104/715;FASE 7;BOT_2380_INT;2424,823914;7;ESPERANZA
30-06-2023;PA3;C41;CAT 797 F;Lastre Sulfurado;ESP/F07/2104/715;FASE 7;BOT_2380_INT;2771,235962;8;ESPERANZA
30-06-2023;PA3;C42;CAT 797 F;Lastre Sulfurado;ESP/F07/2104/715;FASE 7;BOT_2380_INT;2424,825928;7;ESPERANZA
30-06-2023;PA3;C43;CAT 797 F;Lastre Sulfurado;ESP/F07/2104/715;FASE 7;BOT_2380_INT;692,8079834;2;ESPERANZA
30-06-2023;PA3;C44;CAT 797 F;Lastre Sulfurado;ESP/F07/2104/715;FASE 7;BOT_2380_INT;4156,851868;12;ESPERANZA
30-06-2023;PA3;C45;CAT 797 F;Lastre Sulfurado;ESP/F07/2104/715;FASE 7;BOT_2380_INT;4156,839844;12;ESPERANZA
30-06-2023;PA3;C46;CAT 797 F;Lastre Sulfurado;ESP/F07/2104/715;FASE 7;BOT_2380_INT;4503,258057;13;ESPERANZA
30-06-2023;PA3;C47;CAT 797 F;Lastre Sulfurado;ESP/F07/2104/715;FASE 7;BOT_2380_INT;3117,643982;9;ESPERANZA
30-06-2023;PA3;C48;CAT 797 F;Lastre Sulfurado;ESP/F07/2104/715;FASE 7;BOT_2380_INT;1732,019958;5;ESPERANZA
30-06-2023;PA3;C48;CAT 797 F;Lastre Sulfurado;ESP/F07/2104/715;FASE 7;BOT_MIJO;346,4039917;1;ESPERANZA
30-06-2023;PA3;C59;KOM 930 E;Lastre Sulfurado;ESP/F07/2104/715;FASE 7;BOT_2380_INT;582;2;ESPERANZA
30-06-2023;PA4;C07;CAT 797 B;Lastre Sulfurado;ESP/F10/2328/124;FASE 10;BOT_MIJO;346,4039917;1;ESPERANZA
30-06-2023;PA4;C122;CAT 793 C;Lastre Oxidado;ESP/F10/2328/130;FASE 10;BOT_MIJO;216,4360046;1;ESPERANZA
30-06-2023;PA4;C122;CAT 793 C;Lastre Sulfurado;ESP/F10/2328/124;FASE 10;BOT_MIJO;216,4360046;1;ESPERANZA
30-06-2023;PA4;C125;CAT 793 C;Lastre Oxidado;ESP/F10/2328/130;FASE 10;BOT_PLATAFORMA;432,8729858;2;ESPERANZA
30-06-2023;PA4;C125;CAT 793 C;Lastre Sulfurado;ESP/F10/2328/124;FASE 10;BOT_MIJO;216,4360046;1;ESPERANZA
30-06-2023;PA4;C129;CAT 793 C;Lastre Oxidado;ESP/F10/2328/130;FASE 10;BOT_MIJO;649,309021;3;ESPERANZA
30-06-2023;PA4;C129;CAT 793 C;Lastre Oxidado;ESP/F10/2328/130;FASE 10;BOT_PLATAFORMA;1731,48999;8;ESPERANZA
30-06-2023;PA4;C129;CAT 793 C;Lastre Sulfurado;ESP/F10/2328/124;FASE 10;BOT_MIJO;216,4360046;1;ESPERANZA
30-06-2023;PA4;C134;CAT 793 C;Lastre Oxidado;ESP/F10/2328/130;FASE 10;BOT_MIJO;216,4360046;1;ESPERANZA
30-06-2023;PA4;C135;CAT 793 C;Lastre Oxidado;ESP/F10/2328/130;FASE 10;BOT_PLATAFORMA;216,4360046;1;ESPERANZA
30-06-2023;PA4;C151;CAT 793 F;Lastre Oxidado;ESP/F10/2328/130;FASE 10;BOT_MIJO;432,8729858;2;ESPERANZA
30-06-2023;PA4;C151;CAT 793 F;Lastre Oxidado;ESP/F10/2328/130;FASE 10;BOT_PLATAFORMA;432,8729858;2;ESPERANZA
30-06-2023;PA4;C151;CAT 793 F;Lastre Sulfurado;ESP/F10/2328/124;FASE 10;BOT_MIJO;216,4360046;1;ESPERANZA
30-06-2023;PA4;C153;CAT 793 F;Lastre Oxidado;ESP/F10/2328/130;FASE 10;BOT_PLATAFORMA;865,7459717;4;ESPERANZA
30-06-2023;PA4;C154;CAT 793 F;Lastre Oxidado;ESP/F10/2328/130;FASE 10;BOT_MIJO;865,7459717;4;ESPERANZA
30-06-2023;PA4;C154;CAT 793 F;Lastre Sulfurado;ESP/F10/2328/124;FASE 10;BOT_MIJO;432,8729858;2;ESPERANZA
30-06-2023;PA4;C156;CAT 793 F;Lastre Oxidado;ESP/F10/2328/130;FASE 10;BOT_PLATAFORMA;216,4360046;1;ESPERANZA
30-06-2023;PA4;C159;CAT 793 F;Lastre Sulfurado;ESP/F10/2328/124;FASE 10;BOT_MIJO;865,7450256;4;ESPERANZA
30-06-2023;PA4;C160;CAT 793 F;Lastre Oxidado;ESP/F10/2328/130;FASE 10;BOT_MIJO;865,7459717;4;ESPERANZA
30-06-2023;PA4;C160;CAT 793 F;Lastre Sulfurado;ESP/F10/2328/124;FASE 10;BOT_MIJO;216,4360046;1;ESPERANZA
30-06-2023;PA4;C162;CAT 793 F;Lastre Oxidado;ESP/F10/2328/130;FASE 10;BOT_MIJO;649,309021;3;ESPERANZA
30-06-2023;PA4;C162;CAT 793 F;Lastre Oxidado;ESP/F10/2328/130;FASE 10;BOT_PLATAFORMA;216,4360046;1;ESPERANZA
30-06-2023;PA4;C162;CAT 793 F;Lastre Sulfurado;ESP/F10/2328/124;FASE 10;BOT_MIJO;432,8720093;2;ESPERANZA
30-06-2023;PA4;C163;CAT 793 F;Lastre Oxidado;ESP/F10/2328/130;FASE 10;BOT_MIJO;649,3089905;3;ESPERANZA
30-06-2023;PA4;C163;CAT 793 F;Lastre Oxidado;ESP/F10/2328/130;FASE 10;BOT_PLATAFORMA;216,4360046;1;ESPERANZA
30-06-2023;PA4;C163;CAT 793 F;Lastre Sulfurado;ESP/F10/2328/124;FASE 10;BOT_MIJO;216,4360046;1;ESPERANZA
30-06-2023;PA4;C164;CAT 793 F;Lastre Oxidado;ESP/F10/2328/130;FASE 10;BOT_MIJO;1515,056;7;ESPERANZA
30-06-2023;PA4;C164;CAT 793 F;Lastre Oxidado;ESP/F10/2328/130;FASE 10;BOT_PLATAFORMA;1731,48999;8;ESPERANZA
30-06-2023;PA4;C164;CAT 793 F;Lastre Sulfurado;ESP/F10/2328/124;FASE 10;BOT_MIJO;216,4360046;1;ESPERANZA
30-06-2023;PA4;C22;CAT 797 F;Lastre Sulfurado;ESP/F10/2328/124;FASE 10;BOT_MIJO;692,8079834;2;ESPERANZA
30-06-2023;PA4;C25;CAT 797 F;Lastre Sulfurado;ESP/F10/2328/124;FASE 10;BOT_MIJO;346,4039917;1;ESPERANZA
30-06-2023;PA4;C51;KOM 930 E;Lastre Oxidado;ESP/F10/2328/130;FASE 10;BOT_MIJO;291;1;ESPERANZA
30-06-2023;PA4;C58;KOM 930 E;Lastre Oxidado;ESP/F10/2328/130;FASE 10;BOT_MIJO;291;1;ESPERANZA
30-06-2023;PA6;C07;CAT 797 B;Sulfuro Baja Ley;STOCK_SBL1;ESPERANZA;CHANCADO-SULFURO;346,4039917;1;ESPERANZA
30-06-2023;PA6;C121;CAT 793 C;Lastre Sulfurado;ESP/F10/2244/103;FASE 10;BOT_MIJO;216,4360046;1;ESPERANZA
30-06-2023;PA6;C122;CAT 793 C;Lastre Sulfurado;ESP/F10/2244/103;FASE 10;BOT_MIJO;1298,618042;6;ESPERANZA
30-06-2023;PA6;C122;CAT 793 C;Sulfuro Baja Ley;STOCK_SBL1;ESPERANZA;CHANCADO-SULFURO;867,8409882;4;ESPERANZA
30-06-2023;PA6;C125;CAT 793 C;Lastre Sulfurado;ESP/F10/2244/103;FASE 10;BOT_MIJO;216,4360046;1;ESPERANZA
30-06-2023;PA6;C125;CAT 793 C;Lastre Sulfurado;ESP/F10/2244/103;FASE 10;BOT_PLATAFORMA;865,7459717;4;ESPERANZA
30-06-2023;PA6;C128;CAT 793 C;Lastre Sulfurado;ESP/F10/2244/103;FASE 10;BOT_MIJO;865,7459717;4;ESPERANZA
30-06-2023;PA6;C128;CAT 793 C;Sulfuro Baja Ley;STOCK_SBL1;ESPERANZA;CHANCADO-SULFURO;867,8409882;4;ESPERANZA
30-06-2023;PA6;C129;CAT 793 C;Lastre Sulfurado;ESP/F10/2244/103;FASE 10;BOT_MIJO;1731,489075;8;ESPERANZA
30-06-2023;PA6;C129;CAT 793 C;Lastre Sulfurado;ESP/F10/2244/103;FASE 10;BOT_PLATAFORMA;216,4360046;1;ESPERANZA
30-06-2023;PA6;C129;CAT 793 C;Sulfuro Baja Ley;STOCK_SBL1;ESPERANZA;CHANCADO-SULFURO;433,92099;2;ESPERANZA
30-06-2023;PA6;C130;CAT 793 C;Lastre Sulfurado;ESP/F10/2244/103;FASE 10;BOT_MIJO;865,7450256;4;ESPERANZA
30-06-2023;PA6;C130;CAT 793 C;Lastre Sulfurado;ESP/F10/2244/103;FASE 10;BOT_PLATAFORMA;216,4360046;1;ESPERANZA
30-06-2023;PA6;C130;CAT 793 C;Sulfuro Baja Ley;STOCK_SBL1;ESPERANZA;CHANCADO-SULFURO;1518,722977;7;ESPERANZA
30-06-2023;PA6;C131;CAT 793 C;Lastre Sulfurado;ESP/F10/2244/103;FASE 10;BOT_PLATAFORMA;216,4360046;1;ESPERANZA
30-06-2023;PA6;C131;CAT 793 C;Sulfuro Baja Ley;STOCK_SBL1;ESPERANZA;CHANCADO-SULFURO;1518,722961;7;ESPERANZA
30-06-2023;PA6;C132;CAT 793 C;Lastre Sulfurado;ESP/F10/2244/103;FASE 10;BOT_MIJO;432,8729858;2;ESPERANZA
30-06-2023;PA6;C132;CAT 793 C;Lastre Sulfurado;ESP/F10/2244/103;FASE 10;BOT_PLATAFORMA;649,309021;3;ESPERANZA
30-06-2023;PA6;C134;CAT 793 C;Lastre Sulfurado;ESP/F10/2244/103;FASE 10;BOT_MIJO;649,309021;3;ESPERANZA
30-06-2023;PA6;C134;CAT 793 C;Sulfuro Baja Ley;STOCK_SBL1;ESPERANZA;CHANCADO-SULFURO;216,9600067;1;ESPERANZA
30-06-2023;PA6;C151;CAT 793 F;Lastre Sulfurado;ESP/F10/2244/103;FASE 10;BOT_MIJO;1298,616058;6;ESPERANZA
30-06-2023;PA6;C151;CAT 793 F;Sulfuro Baja Ley;STOCK_SBL1;ESPERANZA;CHANCADO-SULFURO;433,9200134;2;ESPERANZA
30-06-2023;PA6;C153;CAT 793 F;Lastre Sulfurado;ESP/F10/2244/103;FASE 10;BOT_PLATAFORMA;216,4360046;1;ESPERANZA
30-06-2023;PA6;C153;CAT 793 F;Sulfuro Baja Ley;STOCK_SBL1;ESPERANZA;CHANCADO-SULFURO;1735,681046;8;ESPERANZA
30-06-2023;PA6;C154;CAT 793 F;Lastre Sulfurado;ESP/F10/2244/103;FASE 10;BOT_MIJO;216,4360046;1;ESPERANZA
30-06-2023;PA6;C154;CAT 793 F;Lastre Sulfurado;ESP/F10/2244/103;FASE 10;BOT_PLATAFORMA;432,8729858;2;ESPERANZA
30-06-2023;PA6;C154;CAT 793 F;Sulfuro Baja Ley;STOCK_SBL1;ESPERANZA;CHANCADO-SULFURO;216,9600067;1;ESPERANZA
30-06-2023;PA6;C156;CAT 793 F;Lastre Sulfurado;ESP/F10/2244/103;FASE 10;BOT_PLATAFORMA;216,4360046;1;ESPERANZA
30-06-2023;PA6;C159;CAT 793 F;Lastre Sulfurado;ESP/F10/2244/103;FASE 10;BOT_MIJO;216,4360046;1;ESPERANZA
30-06-2023;PA6;C159;CAT 793 F;Lastre Sulfurado;ESP/F10/2244/103;FASE 10;BOT_PLATAFORMA;865,7459717;4;ESPERANZA
30-06-2023;PA6;C159;CAT 793 F;Sulfuro Baja Ley;STOCK_SBL1;ESPERANZA;CHANCADO-SULFURO;433,92099;2;ESPERANZA
30-06-2023;PA6;C16;CAT 797 B;Lastre Sulfurado;ESP/F10/2244/103;FASE 10;BOT_MIJO;1039,209961;3;ESPERANZA
30-06-2023;PA6;C160;CAT 793 F;Lastre Sulfurado;ESP/F10/2244/103;FASE 10;BOT_MIJO;649,3089905;3;ESPERANZA
30-06-2023;PA6;C160;CAT 793 F;Sulfuro Baja Ley;STOCK_SBL1;ESPERANZA;CHANCADO-SULFURO;216,9600067;1;ESPERANZA
30-06-2023;PA6;C161;CAT 793 F;Sulfuro Baja Ley;STOCK_SBL1;ESPERANZA;CHANCADO-SULFURO;1084,800049;5;ESPERANZA
30-06-2023;PA6;C162;CAT 793 F;Lastre Sulfurado;ESP/F10/2244/103;FASE 10;BOT_MIJO;865,7459717;4;ESPERANZA
30-06-2023;PA6;C162;CAT 793 F;Lastre Sulfurado;ESP/F10/2244/103;FASE 10;BOT_PLATAFORMA;1082,180054;5;ESPERANZA
30-06-2023;PA6;C162;CAT 793 F;Sulfuro Baja Ley;STOCK_SBL1;ESPERANZA;CHANCADO-SULFURO;216,9600067;1;ESPERANZA
30-06-2023;PA6;C163;CAT 793 F;Lastre Sulfurado;ESP/F10/2244/103;FASE 10;BOT_PLATAFORMA;1082,180054;5;ESPERANZA
30-06-2023;PA6;C163;CAT 793 F;Sulfuro Baja Ley;STOCK_SBL1;ESPERANZA;CHANCADO-SULFURO;433,9200134;2;ESPERANZA
30-06-2023;PA6;C164;CAT 793 F;Lastre Sulfurado;ESP/F10/2244/103;FASE 10;BOT_MIJO;216,4360046;1;ESPERANZA
30-06-2023;PA6;C164;CAT 793 F;Sulfuro Baja Ley;STOCK_SBL1;ESPERANZA;CHANCADO-SULFURO;216,9600067;1;ESPERANZA
30-06-2023;PA6;C24;CAT 797 F;Sulfuro Baja Ley;STOCK_SBL1;ESPERANZA;CHANCADO-SULFURO;346,4039917;1;ESPERANZA
30-06-2023;PA6;C45;CAT 797 F;Lastre Sulfurado;ESP/F10/2244/103;FASE 10;BOT_MIJO;346,4039917;1;ESPERANZA
30-06-2023;PA6;C49;KOM 930 E;Lastre Sulfurado;ESP/F10/2244/103;FASE 10;BOT_MIJO;291;1;ESPERANZA
30-06-2023;PA6;C53;KOM 930 E;Sulfuro Baja Ley;STOCK_SBL1;ESPERANZA;CHANCADO-SULFURO;291;1;ESPERANZA
30-06-2023;PA6;C59;KOM 930 E;Sulfuro Baja Ley;STOCK_SBL1;ESPERANZA;CHANCADO-SULFURO;291;1;ESPERANZA
30-06-2023;PA6;C61;KOM 930 E;Sulfuro Baja Ley;STOCK_SBL1;ESPERANZA;CHANCADO-SULFURO;582;2;ESPERANZA
30-06-2023;PA7;C07;CAT 797 B;Lastre Oxidado;ESP/F07/2104/7090;FASE 7;BOT_2380_INT;2078,419922;6;ESPERANZA
30-06-2023;PA7;C08;CAT 797 B;Lastre Oxidado;ESP/F07/2104/7090;FASE 7;BOT_2380_INT;1039,211975;3;ESPERANZA
30-06-2023;PA7;C09;CAT 797 B;Lastre Oxidado;ESP/F07/2104/7090;FASE 7;BOT_2380_INT;2078,421936;6;ESPERANZA
30-06-2023;PA7;C10;CAT 797 B;Lastre Oxidado;ESP/F07/2104/7090;FASE 7;BOT_2380_INT;2424,827942;7;ESPERANZA
30-06-2023;PA7;C11;CAT 797 B;Lastre Oxidado;ESP/F07/2104/7090;FASE 7;BOT_2380_INT;1385,615967;4;ESPERANZA
30-06-2023;PA7;C12;CAT 797 B;Lastre Oxidado;ESP/F07/2104/7090;FASE 7;BOT_2380_INT;4503,243835;13;ESPERANZA
30-06-2023;PA7;C121;CAT 793 C;Lastre Oxidado;ESP/F07/2104/7090;FASE 7;BOT_2380_INT;216,4360046;1;ESPERANZA
30-06-2023;PA7;C125;CAT 793 C;Lastre Oxidado;ESP/F07/2104/7090;FASE 7;BOT_2380_INT;432,8729858;2;ESPERANZA
30-06-2023;PA7;C13;CAT 797 B;Lastre Oxidado;ESP/F07/2104/7090;FASE 7;BOT_2380_INT;2424,83197;7;ESPERANZA
30-06-2023;PA7;C14;CAT 797 B;Lastre Oxidado;ESP/F07/2104/7090;FASE 7;BOT_2380_INT;1039,211975;3;ESPERANZA
30-06-2023;PA7;C15;CAT 797 B;Lastre Oxidado;ESP/F07/2104/7090;FASE 7;BOT_2380_INT;1732,02002;5;ESPERANZA
30-06-2023;PA7;C16;CAT 797 B;Lastre Oxidado;ESP/F07/2104/7090;FASE 7;BOT_2380_INT;3464,033875;10;ESPERANZA
30-06-2023;PA7;C17;CAT 797 F;Lastre Oxidado;ESP/F07/2104/7090;FASE 7;BOT_2380_INT;4849,656006;14;ESPERANZA
30-06-2023;PA7;C18;CAT 797 F;Lastre Oxidado;ESP/F07/2104/7090;FASE 7;BOT_2380_INT;4503,258057;13;ESPERANZA
30-06-2023;PA7;C19;CAT 797 F;Lastre Oxidado;ESP/F07/2104/7090;FASE 7;BOT_2380_INT;2078,419922;6;ESPERANZA
30-06-2023;PA7;C20;CAT 797 F;Lastre Oxidado;ESP/F07/2104/7090;FASE 7;BOT_2380_INT;3464,035889;10;ESPERANZA
30-06-2023;PA7;C21;CAT 797 F;Lastre Oxidado;ESP/F07/2104/7090;FASE 7;BOT_2380_INT;4156,843933;12;ESPERANZA
30-06-2023;PA7;C22;CAT 797 F;Lastre Oxidado;ESP/F07/2104/7090;FASE 7;BOT_2380_INT;1385,615967;4;ESPERANZA
30-06-2023;PA7;C22;CAT 797 F;Lastre Oxidado;ESP/F07/2104/7090;FASE 7;BOT_MIJO;346,4039917;1;ESPERANZA
30-06-2023;PA7;C24;CAT 797 F;Lastre Oxidado;ESP/F07/2104/7090;FASE 7;BOT_2380_INT;4156,848022;12;ESPERANZA
30-06-2023;PA7;C25;CAT 797 F;Lastre Oxidado;ESP/F07/2104/7090;FASE 7;BOT_2380_INT;346,4039917;1;ESPERANZA
30-06-2023;PA7;C25;CAT 797 F;Lastre Oxidado;ESP/F07/2104/7090;FASE 7;BOT_MIJO;346,4039917;1;ESPERANZA
30-06-2023;PA7;C32;CAT 797 F;Lastre Oxidado;ESP/F07/2104/7090;FASE 7;BOT_2380_INT;3117,629883;9;ESPERANZA
30-06-2023;PA7;C34;CAT 797 F;Lastre Oxidado;ESP/F07/2104/7090;FASE 7;BOT_2380_INT;4503,258057;13;ESPERANZA
30-06-2023;PA7;C36;CAT 797 F;Lastre Oxidado;ESP/F07/2104/7090;FASE 7;BOT_2380_INT;3117,633972;9;ESPERANZA
30-06-2023;PA7;C37;CAT 797 F;Lastre Oxidado;ESP/F07/2104/7090;FASE 7;BOT_2380_INT;3117,637939;9;ESPERANZA
30-06-2023;PA7;C38;CAT 797 F;Lastre Oxidado;ESP/F07/2104/7090;FASE 7;BOT_2380_INT;4849,653992;14;ESPERANZA
30-06-2023;PA7;C39;CAT 797 F;Lastre Oxidado;ESP/F07/2104/7090;FASE 7;BOT_2380_INT;346,4039917;1;ESPERANZA
30-06-2023;PA7;C40;CAT 797 F;Lastre Oxidado;ESP/F07/2104/7090;FASE 7;BOT_2380_INT;2078,421936;6;ESPERANZA
30-06-2023;PA7;C41;CAT 797 F;Lastre Oxidado;ESP/F07/2104/7090;FASE 7;BOT_2380_INT;4156,843933;12;ESPERANZA
30-06-2023;PA7;C42;CAT 797 F;Lastre Oxidado;ESP/F07/2104/7090;FASE 7;BOT_2380_INT;3464,039917;10;ESPERANZA
30-06-2023;PA7;C43;CAT 797 F;Lastre Oxidado;ESP/F07/2104/7090;FASE 7;BOT_2380_INT;2078,427979;6;ESPERANZA
30-06-2023;PA7;C44;CAT 797 F;Lastre Oxidado;ESP/F07/2104/7090;FASE 7;BOT_2380_INT;3810,443909;11;ESPERANZA
30-06-2023;PA7;C45;CAT 797 F;Lastre Oxidado;ESP/F07/2104/7090;FASE 7;BOT_2380_INT;5888,863953;17;ESPERANZA
30-06-2023;PA7;C46;CAT 797 F;Lastre Oxidado;ESP/F07/2104/7090;FASE 7;BOT_2380_INT;1732,023987;5;ESPERANZA
30-06-2023;PA7;C47;CAT 797 F;Lastre Oxidado;ESP/F07/2104/7090;FASE 7;BOT_2380_INT;3810,443909;11;ESPERANZA
30-06-2023;PA7;C48;CAT 797 F;Lastre Oxidado;ESP/F07/2104/7090;FASE 7;BOT_2380_INT;1385,619995;4;ESPERANZA
30-06-2023;PA7;C51;KOM 930 E;Lastre Oxidado;ESP/F07/2104/7090;FASE 7;BOT_2380_INT;582;2;ESPERANZA
30-06-2023;PA9;C07;CAT 797 B;Lastre Oxidado;ESP/F07/2104/709;FASE 7;BOT_2380_INT;692,8079834;2;ESPERANZA
30-06-2023;PA9;C07;CAT 797 B;Lastre Oxidado;ESP/F07/2104/709;FASE 7;BOT_MIJO;346,4039917;1;ESPERANZA
30-06-2023;PA9;C09;CAT 797 B;Lastre Oxidado;ESP/F07/2104/709;FASE 7;BOT_2380_INT;346,4039917;1;ESPERANZA
30-06-2023;PA9;C09;CAT 797 B;Lastre Oxidado;ESP/F07/2104/7100;FASE 7;BOT_2380_INT;346,4039917;1;ESPERANZA
30-06-2023;PA9;C09;CAT 797 B;Lastre Sulfurado;ESP/F07/2104/716;FASE 7;BOT_2380_INT;346,4039917;1;ESPERANZA
30-06-2023;PA9;C10;CAT 797 B;Lastre Oxidado;ESP/F07/2104/709;FASE 7;BOT_2380_INT;692,8079834;2;ESPERANZA
30-06-2023;PA9;C12;CAT 797 B;Lastre Oxidado;ESP/F07/2104/709;FASE 7;BOT_2380_INT;346,4039917;1;ESPERANZA
30-06-2023;PA9;C12;CAT 797 B;Lastre Oxidado;ESP/F07/2104/7100;FASE 7;BOT_2380_INT;346,4039917;1;ESPERANZA
30-06-2023;PA9;C13;CAT 797 B;Lastre Oxidado;ESP/F07/2104/709;FASE 7;BOT_2380_INT;346,4039917;1;ESPERANZA
30-06-2023;PA9;C13;CAT 797 B;Lastre Oxidado;ESP/F07/2104/7100;FASE 7;BOT_2380_INT;346,4039917;1;ESPERANZA
30-06-2023;PA9;C13;CAT 797 B;Lastre Sulfurado;ESP/F07/2104/716;FASE 7;BOT_2380_INT;346,4039917;1;ESPERANZA
30-06-2023;PA9;C135;CAT 793 C;Lastre Oxidado;ESP/F07/2104/7100;FASE 7;BOT_2380_INT;216,4360046;1;ESPERANZA
30-06-2023;PA9;C15;CAT 797 B;Lastre Oxidado;ESP/F07/2104/709;FASE 7;BOT_2380_INT;692,8079834;2;ESPERANZA
30-06-2023;PA9;C15;CAT 797 B;Lastre Oxidado;ESP/F07/2104/709;FASE 7;BOT_MIJO;346,4039917;1;ESPERANZA
30-06-2023;PA9;C16;CAT 797 B;Lastre Oxidado;ESP/F07/2104/709;FASE 7;BOT_2380_INT;346,4039917;1;ESPERANZA
30-06-2023;PA9;C16;CAT 797 B;Lastre Oxidado;ESP/F07/2104/709;FASE 7;BOT_MIJO;346,4039917;1;ESPERANZA
30-06-2023;PA9;C162;CAT 793 F;Lastre Oxidado;ESP/F07/2104/709;FASE 7;BOT_MIJO;216,4360046;1;ESPERANZA
30-06-2023;PA9;C163;CAT 793 F;Lastre Oxidado;ESP/F07/2104/7100;FASE 7;BOT_2380_INT;216,4360046;1;ESPERANZA
30-06-2023;PA9;C18;CAT 797 F;Lastre Oxidado;ESP/F07/2104/709;FASE 7;BOT_2380_INT;1385,613953;4;ESPERANZA
30-06-2023;PA9;C18;CAT 797 F;Lastre Oxidado;ESP/F07/2104/7100;FASE 7;BOT_2380_INT;346,4039917;1;ESPERANZA
30-06-2023;PA9;C19;CAT 797 F;Lastre Oxidado;ESP/F07/2104/709;FASE 7;BOT_MIJO;346,4039917;1;ESPERANZA
30-06-2023;PA9;C19;CAT 797 F;Lastre Sulfurado;ESP/F07/2104/716;FASE 7;BOT_2380_INT;346,4039917;1;ESPERANZA
30-06-2023;PA9;C20;CAT 797 F;Lastre Oxidado;ESP/F07/2104/709;FASE 7;BOT_2380_INT;692,8079834;2;ESPERANZA
30-06-2023;PA9;C20;CAT 797 F;Lastre Oxidado;ESP/F07/2104/709;FASE 7;BOT_MIJO;346,4039917;1;ESPERANZA
30-06-2023;PA9;C22;CAT 797 F;Lastre Oxidado;ESP/F07/2104/709;FASE 7;BOT_2380_INT;346,4039917;1;ESPERANZA
30-06-2023;PA9;C24;CAT 797 F;Lastre Oxidado;ESP/F07/2104/709;FASE 7;BOT_MIJO;346,4039917;1;ESPERANZA
30-06-2023;PA9;C24;CAT 797 F;Lastre Oxidado;ESP/F07/2104/7100;FASE 7;BOT_2380_INT;346,4039917;1;ESPERANZA
30-06-2023;PA9;C32;CAT 797 F;Lastre Oxidado;ESP/F07/2104/709;FASE 7;BOT_2380_INT;346,4039917;1;ESPERANZA
30-06-2023;PA9;C34;CAT 797 F;Lastre Oxidado;ESP/F07/2104/7100;FASE 7;BOT_2380_INT;346,4039917;1;ESPERANZA
30-06-2023;PA9;C36;CAT 797 F;Lastre Oxidado;ESP/F07/2104/709;FASE 7;BOT_2380_INT;346,4039917;1;ESPERANZA
30-06-2023;PA9;C36;CAT 797 F;Lastre Oxidado;ESP/F07/2104/7100;FASE 7;BOT_2380_INT;346,4039917;1;ESPERANZA
30-06-2023;PA9;C36;CAT 797 F;Lastre Sulfurado;ESP/F07/2104/716;FASE 7;BOT_2380_INT;346,4039917;1;ESPERANZA
30-06-2023;PA9;C37;CAT 797 F;Lastre Oxidado;ESP/F07/2104/709;FASE 7;BOT_MIJO;346,4039917;1;ESPERANZA
30-06-2023;PA9;C38;CAT 797 F;Lastre Oxidado;ESP/F07/2104/709;FASE 7;BOT_MIJO;346,4039917;1;ESPERANZA
30-06-2023;PA9;C38;CAT 797 F;Lastre Oxidado;ESP/F07/2104/7100;FASE 7;BOT_2380_INT;346,4039917;1;ESPERANZA
30-06-2023;PA9;C40;CAT 797 F;Lastre Oxidado;ESP/F07/2104/709;FASE 7;BOT_2380_INT;346,4039917;1;ESPERANZA
30-06-2023;PA9;C40;CAT 797 F;Lastre Oxidado;ESP/F07/2104/709;FASE 7;BOT_MIJO;346,4039917;1;ESPERANZA
30-06-2023;PA9;C40;CAT 797 F;Lastre Oxidado;ESP/F07/2104/7100;FASE 7;BOT_2380_INT;692,8079834;2;ESPERANZA
30-06-2023;PA9;C41;CAT 797 F;Lastre Oxidado;ESP/F07/2104/709;FASE 7;BOT_2380_INT;346,4039917;1;ESPERANZA
30-06-2023;PA9;C42;CAT 797 F;Lastre Oxidado;ESP/F07/2104/709;FASE 7;BOT_2380_INT;346,4039917;1;ESPERANZA
30-06-2023;PA9;C44;CAT 797 F;Lastre Oxidado;ESP/F07/2104/709;FASE 7;BOT_2380_INT;346,4039917;1;ESPERANZA
30-06-2023;PA9;C47;CAT 797 F;Lastre Oxidado;ESP/F07/2104/709;FASE 7;BOT_2380_INT;692,8079834;2;ESPERANZA
30-06-2023;PA9;C47;CAT 797 F;Lastre Oxidado;ESP/F07/2104/7100;FASE 7;BOT_2380_INT;346,4039917;1;ESPERANZA
30-06-2023;PA9;C48;CAT 797 F;Lastre Oxidado;ESP/F07/2104/709;FASE 7;BOT_MIJO;692,8079834;2;ESPERANZA
30-06-2023;PA9;C48;CAT 797 F;Lastre Oxidado;ESP/F07/2104/7100;FASE 7;BOT_2380_INT;346,4039917;1;ESPERANZA
30-06-2023;PA9;C51;KOM 930 E;Lastre Oxidado;ESP/F07/2104/709;FASE 7;BOT_MIJO;582;2;ESPERANZA
30-06-2023;PA9;C59;KOM 930 E;Lastre Oxidado;ESP/F07/2104/709;FASE 7;BOT_2380_INT;291;1;ESPERANZA
30-06-2023;PAESPS;C980AHSESPS;Kom 980 AHS;Lastre Oxidado;ESS/F03/2216/3170;F03 ESPSUR;BOTADERO_2021;11880;33;ESPERANZA_SUR
30-06-2023;PAESPS;C980AHSESPS;Kom 980 AHS;Lastre Oxidado;ESS/F03/2216/3234;F03 ESPSUR;BOTADERO_2021;3600;10;ESPERANZA_SUR
30-06-2023;PATH01;C701;LIEBHERR 264 ;LASTRE (LAS);LLA/F01/2295/110;F01 LLA;BOT_TSS;5475;25;LLANO
30-06-2023;PATH01;C701;LIEBHERR 264 ;LASTRE (LAS);LLA/F01/2295/111;F01 LLA;BOT_TSS;38544;176;LLANO
30-06-2023;PATH01;C701;LIEBHERR 264 ;LASTRE (LAS);LLA/F01/2295/113;F01 LLA;BOT_TSS;13359;61;LLANO
30-06-2023;PATH01;C701;LIEBHERR 264 ;LASTRE (LAS);LLA/F01/2295/114;F01 LLA;BOT_TSS;2847;13;LLANO
30-06-2023;PATH01;C702;LIEBHERR 264 ;LASTRE (LAS);LLA/F01/2295/113;F01 LLA;BOT_TSS;18177;83;LLANO
30-06-2023;PATH01;C702;LIEBHERR 264 ;LASTRE (LAS);LLA/F01/2295/114;F01 LLA;BOT_TSS;5037;23;LLANO
30-06-2023;PATH01;C793OXE;CAT 793 OXE;Mineral Sulfuro Primario(PRI);OXE/F04/2136/415;FASE 04 ENC;CHANCADO-ENCUENTRO;2420;11;ENCUENTRO
30-06-2023;PATH01;C793OXE;CAT 793 OXE;Mineral Sulfuro Primario(PRI);OXE/F04/2136/415;FASE 04 ENC;MOD E;1320;6;ENCUENTRO
30-06-2023;PATH01;C793OXE;CAT 793 OXE;OBR;MOD_E_REM;ENCUENTRO OXE;CHANCADO-ENCUENTRO;4400;20;ENCUENTRO
30-06-2023;PATH01;C793OXE;CAT 793 OXE;OXIDO ALTA LEY (OXAL);OXE/F04/2136/404;FASE 04 ENC;CHANCADO-ENCUENTRO;1980;9;ENCUENTRO
30-06-2023;PATH01;C793OXE;CAT 793 OXE;OXIDO ALTA LEY (OXAL);OXE/F04/2136/404;FASE 04 ENC;MOD A;1760;8;ENCUENTRO
30-06-2023;PATH01;C793OXE;CAT 793 OXE;Oxido Baja Ley;OXE/F04/2136/415;FASE 04 ENC;CHANCADO-ENCUENTRO;3960;18;ENCUENTRO
30-06-2023;PATH01;C793OXE;CAT 793 OXE;Oxido Baja Ley;OXE/F04/2136/415;FASE 04 ENC;MOD E;6380;29;ENCUENTRO
30-06-2023;PATH01;C793OXE;CAT 793 OXE;Oxido Baja Ley;OXE/F04/2136/416;FASE 04 ENC;CHANCADO-ENCUENTRO;4840;22;ENCUENTRO
30-06-2023;PATH01;C793OXE;CAT 793 OXE;Oxido Baja Ley;OXE/F04/2136/416;FASE 04 ENC;MOD D;13640;62;ENCUENTRO
30-06-2023;PATH01;C793OXE;CAT 793 OXE;OXIDO MEDIA LEY (OXML);OXE/F04/2136/4030;FASE 04 ENC;CHANCADO-ENCUENTRO;5280;24;ENCUENTRO
30-06-2023;PATH01;C793OXE;CAT 793 OXE;OXIDO MEDIA LEY (OXML);OXE/F04/2136/4030;FASE 04 ENC;MOD B;11000;50;ENCUENTRO
30-06-2023;PATH01;C930OXE;KOM 930OXE;L21;04_2376_455;FASE 04 ENC;BOT.2420;72790;251;ENCUENTRO
30-06-2023;PATH01;C930OXE;KOM 930OXE;Oxido Baja Ley;OXE/F04/2136/415;FASE 04 ENC;MOD E;4060;14;ENCUENTRO
30-06-2023;PATH01;C930OXE;KOM 930OXE;Oxido Baja Ley;OXE/F04/2136/416;FASE 04 ENC;MOD E;3770;13;ENCUENTRO